"Image","Location observed / source family","Original format","Original dimensions","Original size bytes","Rendered sizes CSS px","Initial image request observed","Above/below fold","Initially hidden","Current upload optimization","Database path reference","Existing derivative","Gallery/viewer use","SEO/social use","Transparency requirement","Full-resolution use","Optimization opportunity","Expected savings bytes","Risk level"
"img/1760793852_65a59dba8c72580e09c66cde5c55eb17(1).jpg","Not observed in sampled initial DOM","image/jpeg","564x1002","20065","Not observed","Not established","Not established","Not established","Static / uploader not established for this file","featured_section.small_image1","None found by sibling/thumbnail convention","Yes / available through content viewers (family-level source audit)","No OG/twitter image reference found on sampled public pages","No alpha in JPEG","Stored high-resolution/current image may be used by viewer","Deferred; individual context/quality review required","Not established","Review required"
"img/1762134005_download (4).jpg","Not observed in sampled initial DOM","image/jpeg","259x194","6255","Not observed","Not established","Not established","Not established","Static / uploader not established for this file","featured_section.slider_image1","None found by sibling/thumbnail convention","Yes / available through content viewers (family-level source audit)","No OG/twitter image reference found on sampled public pages","No alpha in JPEG","Stored high-resolution/current image may be used by viewer","Deferred; individual context/quality review required","Not established","Review required"
"img/1762134005_download (5).jpg","Not observed in sampled initial DOM","image/jpeg","310x163","6493","Not observed","Not established","Not established","Not established","Static / uploader not established for this file","featured_section.slider_image2","None found by sibling/thumbnail convention","Yes / available through content viewers (family-level source audit)","No OG/twitter image reference found on sampled public pages","No alpha in JPEG","Stored high-resolution/current image may be used by viewer","Deferred; individual context/quality review required","Not established","Review required"
"img/1762134005_download (6).jpg","Not observed in sampled initial DOM","image/jpeg","259x194","10695","Not observed","Not established","Not established","Not established","Static / uploader not established for this file","featured_section.slider_image3","None found by sibling/thumbnail convention","Yes / available through content viewers (family-level source audit)","No OG/twitter image reference found on sampled public pages","No alpha in JPEG","Stored high-resolution/current image may be used by viewer","Deferred; individual context/quality review required","Not established","Review required"
"img/1762134005_download (7).jpg","Not observed in sampled initial DOM","image/jpeg","259x194","6693","Not observed","Not established","Not established","Not established","Static / uploader not established for this file","featured_section.slider_image4","None found by sibling/thumbnail convention","Yes / available through content viewers (family-level source audit)","No OG/twitter image reference found on sampled public pages","No alpha in JPEG","Stored high-resolution/current image may be used by viewer","Deferred; individual context/quality review required","Not established","Review required"
"img/1762518799_download__4_.jpg","Not observed in sampled initial DOM","image/png","300x200","112202","Not observed","Not established","Not established","Not established","Static / uploader not established for this file","featured_section.slider_image1","None found by sibling/thumbnail convention","Yes / available through content viewers (family-level source audit)","No OG/twitter image reference found on sampled public pages","Potential alpha; do not discard without inspection","Stored high-resolution/current image may be used by viewer","Deferred; individual context/quality review required","Not established","Review required"
"img/1762526106_download__4_.jpg","Not observed in sampled initial DOM","image/png","300x200","112300","Not observed","Not established","Not established","Not established","Static / uploader not established for this file","featured_section.small_image1","None found by sibling/thumbnail convention","Yes / available through content viewers (family-level source audit)","No OG/twitter image reference found on sampled public pages","Potential alpha; do not discard without inspection","Stored high-resolution/current image may be used by viewer","Deferred; individual context/quality review required","Not established","Review required"
"img/1762527571_Apuao_Peque__a.JPG","Not observed in sampled initial DOM","image/png","300x200","153335","Not observed","Not established","Not established","Not established","Static / uploader not established for this file","featured_section.small_image2","None found by sibling/thumbnail convention","Yes / available through content viewers (family-level source audit)","No OG/twitter image reference found on sampled public pages","Potential alpha; do not discard without inspection","Stored high-resolution/current image may be used by viewer","Deferred; individual context/quality review required","Not established","Review required"
"img/1762528170_download__6_.jpg","Not observed in sampled initial DOM","image/png","300x200","131474","Not observed","Not established","Not established","Not established","Static / uploader not established for this file","featured_section.small_image2","None found by sibling/thumbnail convention","Yes / available through content viewers (family-level source audit)","No OG/twitter image reference found on sampled public pages","Potential alpha; do not discard without inspection","Stored high-resolution/current image may be used by viewer","Deferred; individual context/quality review required","Not established","Review required"
"img/1764920186_download__6_.jpg","Not observed in sampled initial DOM","image/png","300x200","133015","Not observed","Not established","Not established","Not established","Static / uploader not established for this file","featured_section.small_image1","None found by sibling/thumbnail convention","Yes / available through content viewers (family-level source audit)","No OG/twitter image reference found on sampled public pages","Potential alpha; do not discard without inspection","Stored high-resolution/current image may be used by viewer","Deferred; individual context/quality review required","Not established","Review required"
"img/1777962841_IMG_8097.JPG","Not observed in sampled initial DOM","image/png","300x200","126173","Not observed","Not established","Not established","Not established","Static / uploader not established for this file","featured_section.slider_image1","None found by sibling/thumbnail convention","Yes / available through content viewers (family-level source audit)","No OG/twitter image reference found on sampled public pages","Potential alpha; do not discard without inspection","Stored high-resolution/current image may be used by viewer","Deferred; individual context/quality review required","Not established","Review required"
"img/1777962855_IMG_8087.JPG","Not observed in sampled initial DOM","image/png","300x200","162634","Not observed","Not established","Not established","Not established","Static / uploader not established for this file","featured_section.slider_image2","None found by sibling/thumbnail convention","Yes / available through content viewers (family-level source audit)","No OG/twitter image reference found on sampled public pages","Potential alpha; do not discard without inspection","Stored high-resolution/current image may be used by viewer","Deferred; individual context/quality review required","Not established","Review required"
"img/1777962877_IMG_8168.JPG","Not observed in sampled initial DOM","image/png","300x200","144866","Not observed","Not established","Not established","Not established","Static / uploader not established for this file","featured_section.slider_image3","None found by sibling/thumbnail convention","Yes / available through content viewers (family-level source audit)","No OG/twitter image reference found on sampled public pages","Potential alpha; do not discard without inspection","Stored high-resolution/current image may be used by viewer","Deferred; individual context/quality review required","Not established","Review required"
"img/1777962898_IMG_8184.JPG","Not observed in sampled initial DOM","image/png","300x200","152938","Not observed","Not established","Not established","Not established","Static / uploader not established for this file","featured_section.slider_image4","None found by sibling/thumbnail convention","Yes / available through content viewers (family-level source audit)","No OG/twitter image reference found on sampled public pages","Potential alpha; do not discard without inspection","Stored high-resolution/current image may be used by viewer","Deferred; individual context/quality review required","Not established","Review required"
"img/1777962917_IMG_8220.JPG","Not observed in sampled initial DOM","image/png","300x200","166306","Not observed","Not established","Not established","Not established","Static / uploader not established for this file","featured_section.small_image1","None found by sibling/thumbnail convention","Yes / available through content viewers (family-level source audit)","No OG/twitter image reference found on sampled public pages","Potential alpha; do not discard without inspection","Stored high-resolution/current image may be used by viewer","Deferred; individual context/quality review required","Not established","Review required"
"img/1777962938_IMG_8225.JPG","Not observed in sampled initial DOM","image/png","300x200","146843","Not observed","Not established","Not established","Not established","Static / uploader not established for this file","featured_section.small_image2","None found by sibling/thumbnail convention","Yes / available through content viewers (family-level source audit)","No OG/twitter image reference found on sampled public pages","Potential alpha; do not discard without inspection","Stored high-resolution/current image may be used by viewer","Deferred; individual context/quality review required","Not established","Review required"
"img/abouticon.png","Not observed in sampled initial DOM","image/png","48x48","1311","Not observed","Not established","Not established","Not established","Static / uploader not established for this file","No matching local DB path found","None found by sibling/thumbnail convention","Not established for this file","No OG/twitter image reference found on sampled public pages","Potential alpha; do not discard without inspection","Not established","Deferred; individual context/quality review required","Not established","Review required"
"img/activityicon.png","Not observed in sampled initial DOM","image/png","48x48","1172","Not observed","Not established","Not established","Not established","Static / uploader not established for this file","No matching local DB path found","None found by sibling/thumbnail convention","Not established for this file","No OG/twitter image reference found on sampled public pages","Potential alpha; do not discard without inspection","Not established","Deferred; individual context/quality review required","Not established","Review required"
"img/Apuao Pequeña.png","Not observed in sampled initial DOM","image/png","1280x960","1744003","Not observed","Not established","Not established","Not established","Static / uploader not established for this file","No matching local DB path found","None found by sibling/thumbnail convention","Not established for this file","No OG/twitter image reference found on sampled public pages","Potential alpha; do not discard without inspection","Not established","Deferred; individual context/quality review required","Not established","Review required"
"img/arrowrightup.png","Not observed in sampled initial DOM","image/png","48x48","667","Not observed","Not established","Not established","Not established","Static / uploader not established for this file","No matching local DB path found","None found by sibling/thumbnail convention","Not established for this file","No OG/twitter image reference found on sampled public pages","Potential alpha; do not discard without inspection","Not established","Deferred; individual context/quality review required","Not established","Review required"
"img/arrowup.png","Not observed in sampled initial DOM","image/png","256x256","4468","Not observed","Not established","Not established","Not established","Static / uploader not established for this file","No matching local DB path found","None found by sibling/thumbnail convention","Not established for this file","No OG/twitter image reference found on sampled public pages","Potential alpha; do not discard without inspection","Not established","Deferred; individual context/quality review required","Not established","Review required"
"img/boat1_img2.png","Not observed in sampled initial DOM","image/png","238x127","63849","Not observed","Not established","Not established","Not established","Static / uploader not established for this file","No matching local DB path found","None found by sibling/thumbnail convention","Not established for this file","No OG/twitter image reference found on sampled public pages","Potential alpha; do not discard without inspection","Not established","Deferred; individual context/quality review required","Not established","Review required"
"img/boathome.png","homepage (audit1); destination (audit1); homepage (desktop); homepage (mobile)","image/png","100x100","3356","18x18; 29x29; 17x17; 16x16","Yes in at least one sampled viewport","above fold; below fold","No","Static / uploader not established for this file","No matching local DB path found","None found by sibling/thumbnail convention","Not established for this file","No OG/twitter image reference found on sampled public pages","Potential alpha; do not discard without inspection","Not established","Deferred; individual context/quality review required","Not established","Review required"
"img/bookingicon.png","homepage (audit1); destination (audit1); homepage (desktop); homepage (mobile)","image/png","48x48","1787","16x16; 18x18; 17x17; 14x14","Yes in at least one sampled viewport","above fold","No","Static / uploader not established for this file","No matching local DB path found","None found by sibling/thumbnail convention","Not established for this file","No OG/twitter image reference found on sampled public pages","Potential alpha; do not discard without inspection","Not established","Deferred; individual context/quality review required","Not established","Review required"
"img/cropped.png","Not observed in sampled initial DOM","image/png","250x250","130461","Not observed","Not established","Not established","Not established","Static / uploader not established for this file","tour_packages.package_image2","None found by sibling/thumbnail convention","Yes / available through content viewers (family-level source audit)","No OG/twitter image reference found on sampled public pages","Potential alpha; do not discard without inspection","Stored high-resolution/current image may be used by viewer","Deferred; individual context/quality review required","Not established","Review required"
"img/departmenttourism.png","Not observed in sampled initial DOM","image/png","440x440","86704","Not observed","Not established","Not established","Not established","Static / uploader not established for this file","No matching local DB path found","None found by sibling/thumbnail convention","Not established for this file","No OG/twitter image reference found on sampled public pages","Potential alpha; do not discard without inspection","Not established","Deferred; individual context/quality review required","Not established","Review required"
"img/destinationcover.png","Not observed in sampled initial DOM","image/png","1547x283","962548","Not observed","Not established","Not established","Not established","Static / uploader not established for this file","No matching local DB path found","None found by sibling/thumbnail convention","Not established for this file","No OG/twitter image reference found on sampled public pages","Potential alpha; do not discard without inspection","Not established","Deferred; individual context/quality review required","Not established","Review required"
"img/dropdownicon.png","Not observed in sampled initial DOM","image/png","549x333","8939","Not observed","Not established","Not established","Not established","Static / uploader not established for this file","No matching local DB path found","None found by sibling/thumbnail convention","Not established for this file","No OG/twitter image reference found on sampled public pages","Potential alpha; do not discard without inspection","Not established","Deferred; individual context/quality review required","Not established","Review required"
"img/dropdownicon2.png","Not observed in sampled initial DOM","image/png","640x640","13904","Not observed","Not established","Not established","Not established","Static / uploader not established for this file","No matching local DB path found","None found by sibling/thumbnail convention","Not established for this file","No OG/twitter image reference found on sampled public pages","Potential alpha; do not discard without inspection","Not established","Deferred; individual context/quality review required","Not established","Review required"
"img/dropdownicon3.png","Not observed in sampled initial DOM","image/png","16x16","118","Not observed","Not established","Not established","Not established","Static / uploader not established for this file","No matching local DB path found","None found by sibling/thumbnail convention","Not established for this file","No OG/twitter image reference found on sampled public pages","Potential alpha; do not discard without inspection","Not established","Deferred; individual context/quality review required","Not established","Review required"
"img/email-logo.png","Not observed in sampled initial DOM","image/png","6250x6250","5360499","Not observed","Not established","Not established","Not established","Static / uploader not established for this file","No matching local DB path found","None found by sibling/thumbnail convention","Not established for this file","No OG/twitter image reference found on sampled public pages","Preserve alpha where present","Original remains for other contexts","Deferred; individual context/quality review required","Not established","Review required"
"img/emailicon.png","Not observed in sampled initial DOM","image/png","512x512","4848","Not observed","Not established","Not established","Not established","Static / uploader not established for this file","No matching local DB path found","None found by sibling/thumbnail convention","Not established for this file","No OG/twitter image reference found on sampled public pages","Potential alpha; do not discard without inspection","Not established","Deferred; individual context/quality review required","Not established","Review required"
"img/exploremercedes.png","Not observed in sampled initial DOM","image/png","618x404","299517","Not observed","Not established","Not established","Not established","Static / uploader not established for this file","No matching local DB path found","None found by sibling/thumbnail convention","Not established for this file","No OG/twitter image reference found on sampled public pages","Potential alpha; do not discard without inspection","Not established","Deferred; individual context/quality review required","Not established","Review required"
"img/facebookicon.png","Not observed in sampled initial DOM","image/png","512x512","20223","Not observed","Not established","Not established","Not established","Static / uploader not established for this file","No matching local DB path found","None found by sibling/thumbnail convention","Not established for this file","No OG/twitter image reference found on sampled public pages","Potential alpha; do not discard without inspection","Not established","Deferred; individual context/quality review required","Not established","Review required"
"img/faqicon.png","Not observed in sampled initial DOM","image/png","1000x1000","43685","Not observed","Not established","Not established","Not established","Static / uploader not established for this file","No matching local DB path found","None found by sibling/thumbnail convention","Not established for this file","No OG/twitter image reference found on sampled public pages","Potential alpha; do not discard without inspection","Not established","Deferred; individual context/quality review required","Not established","Review required"
"img/featuredicon.png","Not observed in sampled initial DOM","image/png","1000x1000","26425","Not observed","Not established","Not established","Not established","Static / uploader not established for this file","No matching local DB path found","None found by sibling/thumbnail convention","Not established for this file","No OG/twitter image reference found on sampled public pages","Potential alpha; do not discard without inspection","Not established","Deferred; individual context/quality review required","Not established","Review required"
"img/geminilogo.png","hotel-details (audit2); room-details (audit3)","image/png","334x347","15329","20x20","Yes in at least one sampled viewport","below fold","No","Static / uploader not established for this file","No matching local DB path found","None found by sibling/thumbnail convention","Not established for this file","No OG/twitter image reference found on sampled public pages","Preserve alpha where present","Original remains for other contexts","Deferred; individual context/quality review required","Not established","Review required"
"img/googlelogo.png","homepage (audit1); destination (audit1); packages (audit1); guides (audit1); boats (audit2); hotels (audit2); hotel-details (audit2); about (audit2); guide-details (audit3); boat-details (audit3); room-details (audit3); homepage (desktop); homepage (mobile)","image/png","48x48","1305","0x0","Yes in at least one sampled viewport","hidden","Yes","Static / uploader not established for this file","No matching local DB path found","None found by sibling/thumbnail convention","Not established for this file","No OG/twitter image reference found on sampled public pages","Preserve alpha where present","Original remains for other contexts","Deferred; individual context/quality review required","Not established","Review required"
"img/herohomepage.png","Not observed in sampled initial DOM","image/png","1366x768","1246372","Not observed","Not established","Not established","Not established","Static / uploader not established for this file","No matching local DB path found","None found by sibling/thumbnail convention","Not established for this file","No OG/twitter image reference found on sampled public pages","Potential alpha; do not discard without inspection","Not established","Deferred; individual context/quality review required","Not established","Review required"
"img/herohomepage2.png","Not observed in sampled initial DOM","image/png","1366x768","924787","Not observed","Not established","Not established","Not established","Static / uploader not established for this file","No matching local DB path found","None found by sibling/thumbnail convention","Not established for this file","No OG/twitter image reference found on sampled public pages","Potential alpha; do not discard without inspection","Not established","Deferred; individual context/quality review required","Not established","Review required"
"img/HomeBG.png","Not observed in sampled initial DOM","image/png","245x512","21219","Not observed","Not established","Not established","Not established","Static / uploader not established for this file","No matching local DB path found","None found by sibling/thumbnail convention","Not established for this file","No OG/twitter image reference found on sampled public pages","Potential alpha; do not discard without inspection","Not established","Deferred; individual context/quality review required","Not established","Review required"
"img/homecover2.png","Not observed in sampled initial DOM","image/png","1656x601","366654","Not observed","Not established","Not established","Not established","Static / uploader not established for this file","No matching local DB path found","None found by sibling/thumbnail convention","Not established for this file","No OG/twitter image reference found on sampled public pages","Potential alpha; do not discard without inspection","Not established","Deferred; individual context/quality review required","Not established","Review required"
"img/homeicon2.png","Not observed in sampled initial DOM","image/png","512x512","8487","Not observed","Not established","Not established","Not established","Static / uploader not established for this file","No matching local DB path found","None found by sibling/thumbnail convention","Not established for this file","No OG/twitter image reference found on sampled public pages","Potential alpha; do not discard without inspection","Not established","Deferred; individual context/quality review required","Not established","Review required"
"img/homestrip.png","Not observed in sampled initial DOM","image/png","1919x164","71761","Not observed","Not established","Not established","Not established","Static / uploader not established for this file","No matching local DB path found","None found by sibling/thumbnail convention","Not established for this file","No OG/twitter image reference found on sampled public pages","Potential alpha; do not discard without inspection","Not established","Deferred; individual context/quality review required","Not established","Review required"
"img/homestrip2.png","Not observed in sampled initial DOM","image/png","1919x153","33719","Not observed","Not established","Not established","Not established","Static / uploader not established for this file","No matching local DB path found","None found by sibling/thumbnail convention","Not established for this file","No OG/twitter image reference found on sampled public pages","Potential alpha; do not discard without inspection","Not established","Deferred; individual context/quality review required","Not established","Review required"
"img/homestripnew.png","Not observed in sampled initial DOM","image/png","1917x55","28031","Not observed","Not established","Not established","Not established","Static / uploader not established for this file","No matching local DB path found","None found by sibling/thumbnail convention","Not established for this file","No OG/twitter image reference found on sampled public pages","Potential alpha; do not discard without inspection","Not established","Deferred; individual context/quality review required","Not established","Review required"
"img/homestripneww.png","Not observed in sampled initial DOM","image/png","1919x47","33292","Not observed","Not established","Not established","Not established","Static / uploader not established for this file","No matching local DB path found","None found by sibling/thumbnail convention","Not established for this file","No OG/twitter image reference found on sampled public pages","Potential alpha; do not discard without inspection","Not established","Deferred; individual context/quality review required","Not established","Review required"
"img/hotelcover.png","Not observed in sampled initial DOM","image/png","1672x428","1192107","Not observed","Not established","Not established","Not established","Static / uploader not established for this file","No matching local DB path found","None found by sibling/thumbnail convention","Not established for this file","No OG/twitter image reference found on sampled public pages","Potential alpha; do not discard without inspection","Not established","Deferred; individual context/quality review required","Not established","Review required"
"img/hotelcover2.png","Not observed in sampled initial DOM","image/png","1654x427","1193554","Not observed","Not established","Not established","Not established","Static / uploader not established for this file","No matching local DB path found","None found by sibling/thumbnail convention","Not established for this file","No OG/twitter image reference found on sampled public pages","Potential alpha; do not discard without inspection","Not established","Deferred; individual context/quality review required","Not established","Review required"
"img/hotelshome.png","homepage (audit1); destination (audit1); homepage (desktop); homepage (mobile)","image/png","100x100","2551","18x18; 29x29; 17x17; 16x16","Yes in at least one sampled viewport","above fold; below fold","No","Static / uploader not established for this file","No matching local DB path found","None found by sibling/thumbnail convention","Not established for this file","No OG/twitter image reference found on sampled public pages","Potential alpha; do not discard without inspection","Not established","Deferred; individual context/quality review required","Not established","Review required"
"img/inprogressicon.png","Not observed in sampled initial DOM","image/png","48x48","998","Not observed","Not established","Not established","Not established","Static / uploader not established for this file","No matching local DB path found","None found by sibling/thumbnail convention","Not established for this file","No OG/twitter image reference found on sampled public pages","Potential alpha; do not discard without inspection","Not established","Deferred; individual context/quality review required","Not established","Review required"
"img/inquiryicon.png","Not observed in sampled initial DOM","image/png","48x48","728","Not observed","Not established","Not established","Not established","Static / uploader not established for this file","No matching local DB path found","None found by sibling/thumbnail convention","Not established for this file","No OG/twitter image reference found on sampled public pages","Potential alpha; do not discard without inspection","Not established","Deferred; individual context/quality review required","Not established","Review required"
"img/jacqueline.png","homepage (audit1); destination (audit1); packages (audit1); guides (audit1); boats (audit2); hotels (audit2); about (audit2); homepage (desktop); homepage (mobile)","image/png","1563x1563","1979607","0x0","No in sampled initial requests","hidden","Yes","Static / uploader not established for this file","No matching local DB path found","None found by sibling/thumbnail convention","Not established for this file","No OG/twitter image reference found on sampled public pages","Potential alpha; do not discard without inspection","Not established","Deferred; individual context/quality review required","Not established","Review required"
"img/jaspher.png","homepage (audit1); destination (audit1); packages (audit1); guides (audit1); boats (audit2); hotels (audit2); about (audit2); homepage (desktop); homepage (mobile)","image/png","1254x1254","1462974","0x0","No in sampled initial requests","hidden","Yes","Static / uploader not established for this file","No matching local DB path found","None found by sibling/thumbnail convention","Not established for this file","No OG/twitter image reference found on sampled public pages","Potential alpha; do not discard without inspection","Not established","Deferred; individual context/quality review required","Not established","Review required"
"img/locationicon.png","homepage (audit1); destination (audit1); homepage (desktop); homepage (mobile)","image/png","50x50","697","18x18; 17x17; 16x16","Yes in at least one sampled viewport","above fold","No","Static / uploader not established for this file","No matching local DB path found","None found by sibling/thumbnail convention","Not established for this file","No OG/twitter image reference found on sampled public pages","Potential alpha; do not discard without inspection","Not established","Deferred; individual context/quality review required","Not established","Review required"
"img/logouticon.png","Not observed in sampled initial DOM","image/png","800x800","16371","Not observed","Not established","Not established","Not established","Static / uploader not established for this file","No matching local DB path found","None found by sibling/thumbnail convention","Not established for this file","No OG/twitter image reference found on sampled public pages","Preserve alpha where present","Original remains for other contexts","Deferred; individual context/quality review required","Not established","Review required"
"img/logouticon2.png","Not observed in sampled initial DOM","image/png","320x320","10227","Not observed","Not established","Not established","Not established","Static / uploader not established for this file","No matching local DB path found","None found by sibling/thumbnail convention","Not established for this file","No OG/twitter image reference found on sampled public pages","Preserve alpha where present","Original remains for other contexts","Deferred; individual context/quality review required","Not established","Review required"
"img/mercedes-hall.png","about (audit2)","image/png","1024x683","944490","632x463","Yes in at least one sampled viewport","above fold","No","Static / uploader not established for this file","No matching local DB path found","None found by sibling/thumbnail convention","Not established for this file","No OG/twitter image reference found on sampled public pages","Potential alpha; do not discard without inspection","Not established","Deferred; individual context/quality review required","Not established","Review required"
"img/mercedeslogo.png","homepage (audit1); destination (audit1); packages (audit1); guides (audit1); boats (audit2); hotels (audit2); about (audit2); homepage (desktop); homepage (mobile)","image/png","512x512","206352","120x120; 78x78","Yes in at least one sampled viewport","below fold","No","Static / uploader not established for this file","No matching local DB path found","None found by sibling/thumbnail convention","Not established for this file","No OG/twitter image reference found on sampled public pages","Preserve alpha where present","Original remains for other contexts","Deferred; individual context/quality review required","Not established","Review required"
"img/municipalhall.jpg","Not observed in sampled initial DOM","image/jpeg","2040x890","194824","Not observed","Not established","Not established","Not established","Static / uploader not established for this file","No matching local DB path found","None found by sibling/thumbnail convention","Not established for this file","No OG/twitter image reference found on sampled public pages","No alpha in JPEG","Not established","Deferred; individual context/quality review required","Not established","Review required"
"img/newlogo-pdf.png","Not observed in sampled initial DOM","image/png","512x512","97433","Not observed","Not established","Not established","Not established","Static / uploader not established for this file","No matching local DB path found","None found by sibling/thumbnail convention","Not established for this file","No OG/twitter image reference found on sampled public pages","Preserve alpha where present","Original remains for other contexts","Deferred; individual context/quality review required","Not established","Review required"
"img/newlogo.png","homepage (audit1); destination (audit1); packages (audit1); guides (audit1); boats (audit2); hotels (audit2); hotel-details (audit2); about (audit2); guide-details (audit3); boat-details (audit3); room-details (audit3); homepage (desktop); homepage (mobile)","image/png","6250x6250","5360499","45x45; 0x0; 120x120; 42x42; 36x36; 78x78","Yes in at least one sampled viewport","above fold; hidden; below fold","No; Yes","Static / uploader not established for this file","No matching local DB path found","img/newlogo-ui-v1.png; img/favicon-64-v1.png","Not established for this file","No OG/twitter image reference found on sampled public pages","Preserve alpha where present","Original remains for other contexts","Implemented lossless UI copy; small favicon on homepage/listing","1556103","Low; original fallback"
"img/nextchevron.png","package-details (audit2)","image/png","26x26","192","14x14","Yes in at least one sampled viewport","below fold","No","Static / uploader not established for this file","No matching local DB path found","None found by sibling/thumbnail convention","Not established for this file","No OG/twitter image reference found on sampled public pages","Potential alpha; do not discard without inspection","Not established","Deferred; individual context/quality review required","Not established","Review required"
"img/nexticon.png","Not observed in sampled initial DOM","image/png","32x32","226","Not observed","Not established","Not established","Not established","Static / uploader not established for this file","No matching local DB path found","None found by sibling/thumbnail convention","Not established for this file","No OG/twitter image reference found on sampled public pages","Potential alpha; do not discard without inspection","Not established","Deferred; individual context/quality review required","Not established","Review required"
"img/noteicon.png","Not observed in sampled initial DOM","image/png","48x48","519","Not observed","Not established","Not established","Not established","Static / uploader not established for this file","No matching local DB path found","None found by sibling/thumbnail convention","Not established for this file","No OG/twitter image reference found on sampled public pages","Potential alpha; do not discard without inspection","Not established","Deferred; individual context/quality review required","Not established","Review required"
"img/notificon.png","homepage (audit1); destination (audit1); packages (audit1); guides (audit1); boats (audit2); hotels (audit2); hotel-details (audit2); about (audit2); guide-details (audit3); boat-details (audit3); room-details (audit3); homepage (desktop); homepage (mobile)","image/png","48x48","423","25x25; 22x22","Yes in at least one sampled viewport","above fold","No","Static / uploader not established for this file","No matching local DB path found","None found by sibling/thumbnail convention","Not established for this file","No OG/twitter image reference found on sampled public pages","Potential alpha; do not discard without inspection","Not established","Deferred; individual context/quality review required","Not established","Review required"
"img/notificon2.png","Not observed in sampled initial DOM","image/png","48x48","843","Not observed","Not established","Not established","Not established","Static / uploader not established for this file","No matching local DB path found","None found by sibling/thumbnail convention","Not established for this file","No OG/twitter image reference found on sampled public pages","Potential alpha; do not discard without inspection","Not established","Deferred; individual context/quality review required","Not established","Review required"
"img/oliver.png","homepage (audit1); destination (audit1); packages (audit1); guides (audit1); boats (audit2); hotels (audit2); about (audit2); homepage (desktop); homepage (mobile)","image/png","1254x1254","1630893","0x0","No in sampled initial requests","hidden","Yes","Static / uploader not established for this file","No matching local DB path found","None found by sibling/thumbnail convention","Not established for this file","No OG/twitter image reference found on sampled public pages","Potential alpha; do not discard without inspection","Not established","Deferred; individual context/quality review required","Not established","Review required"
"img/Op1package1.png","Not observed in sampled initial DOM","image/png","650x909","1277695","Not observed","Not established","Not established","Not established","Static / uploader not established for this file","No matching local DB path found","None found by sibling/thumbnail convention","Not established for this file","No OG/twitter image reference found on sampled public pages","Potential alpha; do not discard without inspection","Not established","Deferred; individual context/quality review required","Not established","Review required"
"img/Op1package2.png","Not observed in sampled initial DOM","image/png","650x909","1188416","Not observed","Not established","Not established","Not established","Static / uploader not established for this file","No matching local DB path found","None found by sibling/thumbnail convention","Not established for this file","No OG/twitter image reference found on sampled public pages","Potential alpha; do not discard without inspection","Not established","Deferred; individual context/quality review required","Not established","Review required"
"img/packageshome.png","homepage (audit1); destination (audit1); homepage (desktop); homepage (mobile)","image/png","100x100","1178","18x18; 29x29; 17x17; 16x16","Yes in at least one sampled viewport","above fold; below fold","No","Static / uploader not established for this file","No matching local DB path found","None found by sibling/thumbnail convention","Not established for this file","No OG/twitter image reference found on sampled public pages","Potential alpha; do not discard without inspection","Not established","Deferred; individual context/quality review required","Not established","Review required"
"img/packagesicon.png","Not observed in sampled initial DOM","image/png","1000x1000","43369","Not observed","Not established","Not established","Not established","Static / uploader not established for this file","No matching local DB path found","None found by sibling/thumbnail convention","Not established for this file","No OG/twitter image reference found on sampled public pages","Potential alpha; do not discard without inspection","Not established","Deferred; individual context/quality review required","Not established","Review required"
"img/passwordhide.png","homepage (audit1); destination (audit1); packages (audit1); guides (audit1); boats (audit2); hotels (audit2); hotel-details (audit2); about (audit2); guide-details (audit3); boat-details (audit3); room-details (audit3); homepage (desktop); homepage (mobile)","image/png","24x24","426","0x0","Yes in at least one sampled viewport","hidden","Yes","Static / uploader not established for this file","No matching local DB path found","None found by sibling/thumbnail convention","Not established for this file","No OG/twitter image reference found on sampled public pages","Potential alpha; do not discard without inspection","Not established","Deferred; individual context/quality review required","Not established","Review required"
"img/passwordsee.png","Not observed in sampled initial DOM","image/png","24x24","417","Not observed","Not established","Not established","Not established","Static / uploader not established for this file","No matching local DB path found","None found by sibling/thumbnail convention","Not established for this file","No OG/twitter image reference found on sampled public pages","Potential alpha; do not discard without inspection","Not established","Deferred; individual context/quality review required","Not established","Review required"
"img/phoneicon.png","Not observed in sampled initial DOM","image/png","50x50","629","Not observed","Not established","Not established","Not established","Static / uploader not established for this file","No matching local DB path found","None found by sibling/thumbnail convention","Not established for this file","No OG/twitter image reference found on sampled public pages","Potential alpha; do not discard without inspection","Not established","Deferred; individual context/quality review required","Not established","Review required"
"img/placeholder.png","Not observed in sampled initial DOM","image/png","100x100","366","Not observed","Not established","Not established","Not established","Static / uploader not established for this file","No matching local DB path found","None found by sibling/thumbnail convention","Not established for this file","No OG/twitter image reference found on sampled public pages","Potential alpha; do not discard without inspection","Not established","Deferred; individual context/quality review required","Not established","Review required"
"img/placescover.png","Not observed in sampled initial DOM","image/png","1745x379","612760","Not observed","Not established","Not established","Not established","Static / uploader not established for this file","No matching local DB path found","None found by sibling/thumbnail convention","Not established for this file","No OG/twitter image reference found on sampled public pages","Potential alpha; do not discard without inspection","Not established","Deferred; individual context/quality review required","Not established","Review required"
"img/prevchevron.png","package-details (audit2)","image/png","26x26","197","16x16; 14x14","Yes in at least one sampled viewport","above fold; below fold","No","Static / uploader not established for this file","No matching local DB path found","None found by sibling/thumbnail convention","Not established for this file","No OG/twitter image reference found on sampled public pages","Potential alpha; do not discard without inspection","Not established","Deferred; individual context/quality review required","Not established","Review required"
"img/previcon.png","Not observed in sampled initial DOM","image/png","32x32","222","Not observed","Not established","Not established","Not established","Static / uploader not established for this file","No matching local DB path found","None found by sibling/thumbnail convention","Not established for this file","No OG/twitter image reference found on sampled public pages","Potential alpha; do not discard without inspection","Not established","Deferred; individual context/quality review required","Not established","Review required"
"img/pricemetric.png","Not observed in sampled initial DOM","image/png","565x318","3887","Not observed","Not established","Not established","Not established","Static / uploader not established for this file","No matching local DB path found","None found by sibling/thumbnail convention","Not established for this file","No OG/twitter image reference found on sampled public pages","Potential alpha; do not discard without inspection","Not established","Deferred; individual context/quality review required","Not established","Review required"
"img/profileicon.png","Not observed in sampled initial DOM","image/png","512x512","17531","Not observed","Not established","Not established","Not established","Static / uploader not established for this file","No matching local DB path found","None found by sibling/thumbnail convention","Not established for this file","No OG/twitter image reference found on sampled public pages","Potential alpha; do not discard without inspection","Not established","Deferred; individual context/quality review required","Not established","Review required"
"img/profileicon2.png","Not observed in sampled initial DOM","image/png","320x320","22276","Not observed","Not established","Not established","Not established","Static / uploader not established for this file","No matching local DB path found","None found by sibling/thumbnail convention","Not established for this file","No OG/twitter image reference found on sampled public pages","Potential alpha; do not discard without inspection","Not established","Deferred; individual context/quality review required","Not established","Review required"
"img/sampleimage.png","homepage (audit1); packages (audit1); guides (audit1); boats (audit2); hotels (audit2); hotel-details (audit2); room-details (audit3); homepage (desktop); homepage (mobile)","image/png","407x582","500074","0x0; 519x310; 1084x810; 229x180; 872x360; 32x32","Yes in at least one sampled viewport","hidden; above fold","Yes; No","Static / uploader not established for this file","featured_section.slider_image1; featured_section.slider_image2; featured_section.slider_image3; featured_section.slider_image4; featured_section.small_image1; featured_section.small_image2; tour_packages.package_image4; hotel_resorts.image_path; hotel_rooms.main_image_path; hotel_rooms.gallery_images_json","None found by sibling/thumbnail convention","Yes / available through content viewers (family-level source audit)","No OG/twitter image reference found on sampled public pages","Potential alpha; do not discard without inspection","Stored high-resolution/current image may be used by viewer","Deferred; individual context/quality review required","Not established","Review required"
"img/sampleimagesec.png","Not observed in sampled initial DOM","image/png","850x550","1076318","Not observed","Not established","Not established","Not established","Static / uploader not established for this file","No matching local DB path found","None found by sibling/thumbnail convention","Not established for this file","No OG/twitter image reference found on sampled public pages","Potential alpha; do not discard without inspection","Not established","Deferred; individual context/quality review required","Not established","Review required"
"img/Screenshot 2025-08-13 192952.png","Not observed in sampled initial DOM","image/png","1551x474","643465","Not observed","Not established","Not established","Not established","Static / uploader not established for this file","No matching local DB path found","None found by sibling/thumbnail convention","Not established for this file","No OG/twitter image reference found on sampled public pages","Potential alpha; do not discard without inspection","Not established","Deferred; individual context/quality review required","Not established","Review required"
"img/shorthero.png","Not observed in sampled initial DOM","image/png","1464x459","1229354","Not observed","Not established","Not established","Not established","Static / uploader not established for this file","No matching local DB path found","None found by sibling/thumbnail convention","Not established for this file","No OG/twitter image reference found on sampled public pages","Potential alpha; do not discard without inspection","Not established","Deferred; individual context/quality review required","Not established","Review required"
"img/shorthero2.png","Not observed in sampled initial DOM","image/png","1919x560","1423065","Not observed","Not established","Not established","Not established","Static / uploader not established for this file","No matching local DB path found","None found by sibling/thumbnail convention","Not established for this file","No OG/twitter image reference found on sampled public pages","Potential alpha; do not discard without inspection","Not established","Deferred; individual context/quality review required","Not established","Review required"
"img/successicon.png","Not observed in sampled initial DOM","image/png","48x48","705","Not observed","Not established","Not established","Not established","Static / uploader not established for this file","No matching local DB path found","None found by sibling/thumbnail convention","Not established for this file","No OG/twitter image reference found on sampled public pages","Potential alpha; do not discard without inspection","Not established","Deferred; individual context/quality review required","Not established","Review required"
"img/textlogo.png","Not observed in sampled initial DOM","image/png","484x117","19359","Not observed","Not established","Not established","Not established","Static / uploader not established for this file","No matching local DB path found","None found by sibling/thumbnail convention","Not established for this file","No OG/twitter image reference found on sampled public pages","Preserve alpha where present","Original remains for other contexts","Deferred; individual context/quality review required","Not established","Review required"
"img/textlogo2-transparent.png","Not observed in sampled initial DOM","image/png","642x163","48811","Not observed","Not established","Not established","Not established","Static / uploader not established for this file","No matching local DB path found","None found by sibling/thumbnail convention","Not established for this file","No OG/twitter image reference found on sampled public pages","Preserve alpha where present","Original remains for other contexts","Deferred; individual context/quality review required","Not established","Review required"
"img/textlogo2-white.png","homepage (audit1); destination (audit1); packages (audit1); guides (audit1); boats (audit2); hotels (audit2); about (audit2); homepage (desktop); homepage (mobile)","image/png","642x163","14574","0x0","No in sampled initial requests","hidden","Yes","Static / uploader not established for this file","No matching local DB path found","None found by sibling/thumbnail convention","Not established for this file","No OG/twitter image reference found on sampled public pages","Preserve alpha where present","Original remains for other contexts","Deferred; individual context/quality review required","Not established","Review required"
"img/textlogo2.png","homepage (audit1); destination (audit1); packages (audit1); guides (audit1); boats (audit2); hotels (audit2); hotel-details (audit2); about (audit2); guide-details (audit3); boat-details (audit3); room-details (audit3); homepage (desktop); homepage (mobile)","image/png","642x163","50401","138x35; 0x0; 114x29; 109x30","Yes in at least one sampled viewport","above fold; hidden","No; Yes","Static / uploader not established for this file","No matching local DB path found","None found by sibling/thumbnail convention","Not established for this file","No OG/twitter image reference found on sampled public pages","Preserve alpha where present","Original remains for other contexts","Deferred; individual context/quality review required","Not established","Review required"
"img/textlogo3.png","Not observed in sampled initial DOM","image/png","1874x656","75706","Not observed","Not established","Not established","Not established","Static / uploader not established for this file","No matching local DB path found","None found by sibling/thumbnail convention","Not established for this file","No OG/twitter image reference found on sampled public pages","Preserve alpha where present","Original remains for other contexts","Deferred; individual context/quality review required","Not established","Review required"
"img/tourguide.png","Not observed in sampled initial DOM","image/png","96x96","1422","Not observed","Not established","Not established","Not established","Static / uploader not established for this file","No matching local DB path found","None found by sibling/thumbnail convention","Not established for this file","No OG/twitter image reference found on sampled public pages","Potential alpha; do not discard without inspection","Not established","Deferred; individual context/quality review required","Not established","Review required"
"img/tourguidehome.png","homepage (audit1); destination (audit1); homepage (desktop); homepage (mobile)","image/png","100x100","2806","18x18; 29x29; 17x17; 16x16","Yes in at least one sampled viewport","above fold; below fold","No","Static / uploader not established for this file","No matching local DB path found","None found by sibling/thumbnail convention","Not established for this file","No OG/twitter image reference found on sampled public pages","Potential alpha; do not discard without inspection","Not established","Deferred; individual context/quality review required","Not established","Review required"
"img/TourismLogo.png","homepage (audit1); destination (audit1); packages (audit1); guides (audit1); boats (audit2); hotels (audit2); about (audit2); homepage (desktop); homepage (mobile)","image/png","500x500","518975","120x120; 78x78","Yes in at least one sampled viewport","below fold","No","Static / uploader not established for this file","No matching local DB path found","None found by sibling/thumbnail convention","Not established for this file","No OG/twitter image reference found on sampled public pages","Preserve alpha where present","Original remains for other contexts","Deferred; individual context/quality review required","Not established","Review required"
"img/tourscover.png","Not observed in sampled initial DOM","image/png","1535x398","1480061","Not observed","Not established","Not established","Not established","Static / uploader not established for this file","No matching local DB path found","None found by sibling/thumbnail convention","Not established for this file","No OG/twitter image reference found on sampled public pages","Potential alpha; do not discard without inspection","Not established","Deferred; individual context/quality review required","Not established","Review required"
"imagess/Apuao Grande.jpg","homepage (audit1); destination (audit1); homepage (desktop); homepage (mobile)","image/jpeg","900x500","74228","0x0; 32x32; 234x246; 260x215; 433x205; 274x190; 217x229; 297x313; 167x165","Yes in at least one sampled viewport","hidden; above fold; below fold","Yes; No","Current destination uploader: 40 MiB; 1600 card / 2400 hero / 1920 gallery; native format; legacy sources may predate optimizer","destinations.card_image","None found by sibling/thumbnail convention","Yes / available through content viewers (family-level source audit)","No OG/twitter image reference found on sampled public pages","No alpha in JPEG","Stored high-resolution/current image may be used by viewer","Deferred; individual context/quality review required","Not established","Review required"
"imagess/Apuao Grande_1.jpg","Not observed in sampled initial DOM","image/webp","1024x683","68608","Not observed","Not established","Not established","Not established","Static / uploader not established for this file","No matching local DB path found","None found by sibling/thumbnail convention","Not established for this file","No OG/twitter image reference found on sampled public pages","Potential alpha; do not discard without inspection","Not established","Deferred; individual context/quality review required","Not established","Review required"
"imagess/Apuao Grande_2.jpg","Not observed in sampled initial DOM","image/jpeg","640x480","63523","Not observed","Not established","Not established","Not established","Static / uploader not established for this file","No matching local DB path found","None found by sibling/thumbnail convention","Not established for this file","No OG/twitter image reference found on sampled public pages","No alpha in JPEG","Not established","Deferred; individual context/quality review required","Not established","Review required"
"imagess/Apuao Grande_3.jpg","Not observed in sampled initial DOM","image/jpeg","800x375","48255","Not observed","Not established","Not established","Not established","Static / uploader not established for this file","No matching local DB path found","None found by sibling/thumbnail convention","Not established for this file","No OG/twitter image reference found on sampled public pages","No alpha in JPEG","Not established","Deferred; individual context/quality review required","Not established","Review required"
"imagess/Apuao Grande_Gallery (1).JPG","Not observed in sampled initial DOM","image/jpeg","5184x3456","5079932","Not observed","Not established","Not established","Not established","Current destination uploader: 40 MiB; 1600 card / 2400 hero / 1920 gallery; native format; legacy sources may predate optimizer","destination_gallery.image_path","imagess/destination-thumbs/Apuao Grande_Gallery (1).jpg","Yes / available through content viewers (family-level source audit)","No OG/twitter image reference found on sampled public pages","No alpha in JPEG","Stored high-resolution/current image may be used by viewer","Deferred; individual context/quality review required","Not established","Review required"
"imagess/Apuao Grande_Gallery (2).JPG","Not observed in sampled initial DOM","image/jpeg","5184x3456","12275096","Not observed","Not established","Not established","Not established","Current destination uploader: 40 MiB; 1600 card / 2400 hero / 1920 gallery; native format; legacy sources may predate optimizer","destination_gallery.image_path","imagess/destination-thumbs/Apuao Grande_Gallery (2).jpg","Yes / available through content viewers (family-level source audit)","No OG/twitter image reference found on sampled public pages","No alpha in JPEG","Stored high-resolution/current image may be used by viewer","Deferred; individual context/quality review required","Not established","Review required"
"imagess/Apuao Grande_Gallery (3).JPG","Not observed in sampled initial DOM","image/jpeg","5184x3456","9428054","Not observed","Not established","Not established","Not established","Current destination uploader: 40 MiB; 1600 card / 2400 hero / 1920 gallery; native format; legacy sources may predate optimizer","destination_gallery.image_path","imagess/destination-thumbs/Apuao Grande_Gallery (3).jpg","Yes / available through content viewers (family-level source audit)","No OG/twitter image reference found on sampled public pages","No alpha in JPEG","Stored high-resolution/current image may be used by viewer","Deferred; individual context/quality review required","Not established","Review required"
"imagess/Apuao Grande_Gallery (4).JPG","Not observed in sampled initial DOM","image/jpeg","5184x3456","4965915","Not observed","Not established","Not established","Not established","Static / uploader not established for this file","No matching local DB path found","imagess/destination-thumbs/Apuao Grande_Gallery (4).jpg","Not established for this file","No OG/twitter image reference found on sampled public pages","No alpha in JPEG","Not established","Deferred; individual context/quality review required","Not established","Review required"
"imagess/Apuao Grande_Gallery (5).JPG","Not observed in sampled initial DOM","image/jpeg","5184x3456","6277411","Not observed","Not established","Not established","Not established","Static / uploader not established for this file","No matching local DB path found","imagess/destination-thumbs/Apuao Grande_Gallery (5).jpg","Not established for this file","No OG/twitter image reference found on sampled public pages","No alpha in JPEG","Not established","Deferred; individual context/quality review required","Not established","Review required"
"imagess/Apuao Grande_Gallery (6).JPG","Not observed in sampled initial DOM","image/jpeg","5184x3456","8757871","Not observed","Not established","Not established","Not established","Static / uploader not established for this file","No matching local DB path found","imagess/destination-thumbs/Apuao Grande_Gallery (6).jpg","Not established for this file","No OG/twitter image reference found on sampled public pages","No alpha in JPEG","Not established","Deferred; individual context/quality review required","Not established","Review required"
"imagess/Apuao Grande_Gallery (7).JPG","Not observed in sampled initial DOM","image/jpeg","5184x3456","7068517","Not observed","Not established","Not established","Not established","Static / uploader not established for this file","No matching local DB path found","imagess/destination-thumbs/Apuao Grande_Gallery (7).jpg","Not established for this file","No OG/twitter image reference found on sampled public pages","No alpha in JPEG","Not established","Deferred; individual context/quality review required","Not established","Review required"
"imagess/Apuao Grande_Gallery (8).JPG","Not observed in sampled initial DOM","image/jpeg","5184x3456","7933405","Not observed","Not established","Not established","Not established","Static / uploader not established for this file","No matching local DB path found","imagess/destination-thumbs/Apuao Grande_Gallery (8).jpg","Not established for this file","No OG/twitter image reference found on sampled public pages","No alpha in JPEG","Not established","Deferred; individual context/quality review required","Not established","Review required"
"imagess/Apuao Grande_Gallery (9).JPG","Not observed in sampled initial DOM","image/jpeg","5184x3456","8466567","Not observed","Not established","Not established","Not established","Static / uploader not established for this file","No matching local DB path found","imagess/destination-thumbs/Apuao Grande_Gallery (9).jpg","Not established for this file","No OG/twitter image reference found on sampled public pages","No alpha in JPEG","Not established","Deferred; individual context/quality review required","Not established","Review required"
"imagess/Apuao Grande_Gallery.JPG","Not observed in sampled initial DOM","image/jpeg","5184x3456","8722692","Not observed","Not established","Not established","Not established","Static / uploader not established for this file","No matching local DB path found","imagess/destination-thumbs/Apuao Grande_Gallery.jpg","Not established for this file","No OG/twitter image reference found on sampled public pages","No alpha in JPEG","Not established","Deferred; individual context/quality review required","Not established","Review required"
"imagess/Apuao Grande_header-img.png","Not observed in sampled initial DOM","image/png","1364x515","714590","Not observed","Not established","Not established","Not established","Static / uploader not established for this file","No matching local DB path found","imagess/destination-thumbs/Apuao Grande_header-img.jpg","Not established for this file","No OG/twitter image reference found on sampled public pages","Potential alpha; do not discard without inspection","Not established","Deferred; individual context/quality review required","Not established","Review required"
"imagess/Apuao Pequena.jpg","Not observed in sampled initial DOM","image/jpeg","700x467","37097","Not observed","Not established","Not established","Not established","Static / uploader not established for this file","No matching local DB path found","None found by sibling/thumbnail convention","Not established for this file","No OG/twitter image reference found on sampled public pages","No alpha in JPEG","Not established","Deferred; individual context/quality review required","Not established","Review required"
"imagess/Apuao Pequena_1.jpg","Not observed in sampled initial DOM","image/jpeg","700x467","47806","Not observed","Not established","Not established","Not established","Static / uploader not established for this file","No matching local DB path found","None found by sibling/thumbnail convention","Not established for this file","No OG/twitter image reference found on sampled public pages","No alpha in JPEG","Not established","Deferred; individual context/quality review required","Not established","Review required"
"imagess/Apuao Pequena_2.jpg","Not observed in sampled initial DOM","image/jpeg","550x411","64482","Not observed","Not established","Not established","Not established","Static / uploader not established for this file","No matching local DB path found","None found by sibling/thumbnail convention","Not established for this file","No OG/twitter image reference found on sampled public pages","No alpha in JPEG","Not established","Deferred; individual context/quality review required","Not established","Review required"
"imagess/Apuao Pequena_3.jpg","Not observed in sampled initial DOM","image/jpeg","300x300","27514","Not observed","Not established","Not established","Not established","Static / uploader not established for this file","No matching local DB path found","None found by sibling/thumbnail convention","Not established for this file","No OG/twitter image reference found on sampled public pages","No alpha in JPEG","Not established","Deferred; individual context/quality review required","Not established","Review required"
"imagess/Apuao Pequena_Gallery (1).JPG","Not observed in sampled initial DOM","image/jpeg","5184x3456","4583416","Not observed","Not established","Not established","Not established","Current destination uploader: 40 MiB; 1600 card / 2400 hero / 1920 gallery; native format; legacy sources may predate optimizer","destination_gallery.image_path","imagess/destination-thumbs/Apuao Pequena_Gallery (1).jpg","Yes / available through content viewers (family-level source audit)","No OG/twitter image reference found on sampled public pages","No alpha in JPEG","Stored high-resolution/current image may be used by viewer","Deferred; individual context/quality review required","Not established","Review required"
"imagess/Apuao Pequena_Gallery (10).JPG","Not observed in sampled initial DOM","image/jpeg","5184x3456","5902391","Not observed","Not established","Not established","Not established","Static / uploader not established for this file","No matching local DB path found","imagess/destination-thumbs/Apuao Pequena_Gallery (10).jpg","Not established for this file","No OG/twitter image reference found on sampled public pages","No alpha in JPEG","Not established","Deferred; individual context/quality review required","Not established","Review required"
"imagess/Apuao Pequena_Gallery (11).JPG","Not observed in sampled initial DOM","image/jpeg","5184x3456","9046282","Not observed","Not established","Not established","Not established","Static / uploader not established for this file","No matching local DB path found","None found by sibling/thumbnail convention","Not established for this file","No OG/twitter image reference found on sampled public pages","No alpha in JPEG","Not established","Deferred; individual context/quality review required","Not established","Review required"
"imagess/Apuao Pequena_Gallery (12).JPG","Not observed in sampled initial DOM","image/jpeg","5184x3456","6904124","Not observed","Not established","Not established","Not established","Static / uploader not established for this file","No matching local DB path found","None found by sibling/thumbnail convention","Not established for this file","No OG/twitter image reference found on sampled public pages","No alpha in JPEG","Not established","Deferred; individual context/quality review required","Not established","Review required"
"imagess/Apuao Pequena_Gallery (2).JPG","Not observed in sampled initial DOM","image/jpeg","5184x3456","4603057","Not observed","Not established","Not established","Not established","Current destination uploader: 40 MiB; 1600 card / 2400 hero / 1920 gallery; native format; legacy sources may predate optimizer","destination_gallery.image_path","imagess/destination-thumbs/Apuao Pequena_Gallery (2).jpg","Yes / available through content viewers (family-level source audit)","No OG/twitter image reference found on sampled public pages","No alpha in JPEG","Stored high-resolution/current image may be used by viewer","Deferred; individual context/quality review required","Not established","Review required"
"imagess/Apuao Pequena_Gallery (3).JPG","Not observed in sampled initial DOM","image/jpeg","5184x3456","4905614","Not observed","Not established","Not established","Not established","Current destination uploader: 40 MiB; 1600 card / 2400 hero / 1920 gallery; native format; legacy sources may predate optimizer","destination_gallery.image_path","imagess/destination-thumbs/Apuao Pequena_Gallery (3).jpg","Yes / available through content viewers (family-level source audit)","No OG/twitter image reference found on sampled public pages","No alpha in JPEG","Stored high-resolution/current image may be used by viewer","Deferred; individual context/quality review required","Not established","Review required"
"imagess/Apuao Pequena_Gallery (4).JPG","Not observed in sampled initial DOM","image/jpeg","5184x3456","6181419","Not observed","Not established","Not established","Not established","Static / uploader not established for this file","No matching local DB path found","imagess/destination-thumbs/Apuao Pequena_Gallery (4).jpg","Not established for this file","No OG/twitter image reference found on sampled public pages","No alpha in JPEG","Not established","Deferred; individual context/quality review required","Not established","Review required"
"imagess/Apuao Pequena_Gallery (5).JPG","Not observed in sampled initial DOM","image/jpeg","5184x3456","6882827","Not observed","Not established","Not established","Not established","Static / uploader not established for this file","No matching local DB path found","imagess/destination-thumbs/Apuao Pequena_Gallery (5).jpg","Not established for this file","No OG/twitter image reference found on sampled public pages","No alpha in JPEG","Not established","Deferred; individual context/quality review required","Not established","Review required"
"imagess/Apuao Pequena_Gallery (6).JPG","Not observed in sampled initial DOM","image/jpeg","5184x3456","8936590","Not observed","Not established","Not established","Not established","Static / uploader not established for this file","No matching local DB path found","imagess/destination-thumbs/Apuao Pequena_Gallery (6).jpg","Not established for this file","No OG/twitter image reference found on sampled public pages","No alpha in JPEG","Not established","Deferred; individual context/quality review required","Not established","Review required"
"imagess/Apuao Pequena_Gallery (7).JPG","Not observed in sampled initial DOM","image/jpeg","5184x3456","4217851","Not observed","Not established","Not established","Not established","Static / uploader not established for this file","No matching local DB path found","imagess/destination-thumbs/Apuao Pequena_Gallery (7).jpg","Not established for this file","No OG/twitter image reference found on sampled public pages","No alpha in JPEG","Not established","Deferred; individual context/quality review required","Not established","Review required"
"imagess/Apuao Pequena_Gallery (8).JPG","Not observed in sampled initial DOM","image/jpeg","5184x3456","7909546","Not observed","Not established","Not established","Not established","Static / uploader not established for this file","No matching local DB path found","imagess/destination-thumbs/Apuao Pequena_Gallery (8).jpg","Not established for this file","No OG/twitter image reference found on sampled public pages","No alpha in JPEG","Not established","Deferred; individual context/quality review required","Not established","Review required"
"imagess/Apuao Pequena_Gallery (9).JPG","Not observed in sampled initial DOM","image/jpeg","5184x3456","4667161","Not observed","Not established","Not established","Not established","Static / uploader not established for this file","No matching local DB path found","imagess/destination-thumbs/Apuao Pequena_Gallery (9).jpg","Not established for this file","No OG/twitter image reference found on sampled public pages","No alpha in JPEG","Not established","Deferred; individual context/quality review required","Not established","Review required"
"imagess/Apuao Pequena_header-img.png","Not observed in sampled initial DOM","image/png","1366x502","660537","Not observed","Not established","Not established","Not established","Static / uploader not established for this file","No matching local DB path found","imagess/destination-thumbs/Apuao Pequena_header-img.jpg","Not established for this file","No OG/twitter image reference found on sampled public pages","Potential alpha; do not discard without inspection","Not established","Deferred; individual context/quality review required","Not established","Review required"
"imagess/Canimog.jpg","homepage (audit1); homepage (desktop); homepage (mobile)","image/jpeg","1080x809","79391","199x213; 273x291","Yes in at least one sampled viewport","below fold","No","Static / uploader not established for this file","No matching local DB path found","None found by sibling/thumbnail convention","Not established for this file","No OG/twitter image reference found on sampled public pages","No alpha in JPEG","Not established","Deferred; individual context/quality review required","Not established","Review required"
"imagess/Canimog_1.jpg","Not observed in sampled initial DOM","image/jpeg","2048x1374","461292","Not observed","Not established","Not established","Not established","Static / uploader not established for this file","No matching local DB path found","None found by sibling/thumbnail convention","Not established for this file","No OG/twitter image reference found on sampled public pages","No alpha in JPEG","Not established","Deferred; individual context/quality review required","Not established","Review required"
"imagess/Canimog_2.jpg","Not observed in sampled initial DOM","image/jpeg","550x310","64728","Not observed","Not established","Not established","Not established","Static / uploader not established for this file","No matching local DB path found","None found by sibling/thumbnail convention","Not established for this file","No OG/twitter image reference found on sampled public pages","No alpha in JPEG","Not established","Deferred; individual context/quality review required","Not established","Review required"
"imagess/Canimog_3.jpg","Not observed in sampled initial DOM","image/jpeg","1848x1800","493124","Not observed","Not established","Not established","Not established","Static / uploader not established for this file","No matching local DB path found","None found by sibling/thumbnail convention","Not established for this file","No OG/twitter image reference found on sampled public pages","No alpha in JPEG","Not established","Deferred; individual context/quality review required","Not established","Review required"
"imagess/Canimog_Gallery (1).JPG","Not observed in sampled initial DOM","image/jpeg","5184x3456","6252435","Not observed","Not established","Not established","Not established","Current destination uploader: 40 MiB; 1600 card / 2400 hero / 1920 gallery; native format; legacy sources may predate optimizer","destination_gallery.image_path","imagess/destination-thumbs/Canimog_Gallery (1).jpg","Yes / available through content viewers (family-level source audit)","No OG/twitter image reference found on sampled public pages","No alpha in JPEG","Stored high-resolution/current image may be used by viewer","Deferred; individual context/quality review required","Not established","Review required"
"imagess/Canimog_Gallery (10).JPG","Not observed in sampled initial DOM","image/jpeg","5184x3456","4428143","Not observed","Not established","Not established","Not established","Static / uploader not established for this file","No matching local DB path found","imagess/destination-thumbs/Canimog_Gallery (10).jpg","Not established for this file","No OG/twitter image reference found on sampled public pages","No alpha in JPEG","Not established","Deferred; individual context/quality review required","Not established","Review required"
"imagess/Canimog_Gallery (2).JPG","Not observed in sampled initial DOM","image/jpeg","5184x3456","4201031","Not observed","Not established","Not established","Not established","Current destination uploader: 40 MiB; 1600 card / 2400 hero / 1920 gallery; native format; legacy sources may predate optimizer","destination_gallery.image_path","imagess/destination-thumbs/Canimog_Gallery (2).jpg","Yes / available through content viewers (family-level source audit)","No OG/twitter image reference found on sampled public pages","No alpha in JPEG","Stored high-resolution/current image may be used by viewer","Deferred; individual context/quality review required","Not established","Review required"
"imagess/Canimog_Gallery (3).JPG","Not observed in sampled initial DOM","image/jpeg","5184x3456","4023832","Not observed","Not established","Not established","Not established","Current destination uploader: 40 MiB; 1600 card / 2400 hero / 1920 gallery; native format; legacy sources may predate optimizer","destination_gallery.image_path","imagess/destination-thumbs/Canimog_Gallery (3).jpg","Yes / available through content viewers (family-level source audit)","No OG/twitter image reference found on sampled public pages","No alpha in JPEG","Stored high-resolution/current image may be used by viewer","Deferred; individual context/quality review required","Not established","Review required"
"imagess/Canimog_Gallery (4).JPG","Not observed in sampled initial DOM","image/jpeg","5184x3456","4358007","Not observed","Not established","Not established","Not established","Static / uploader not established for this file","No matching local DB path found","imagess/destination-thumbs/Canimog_Gallery (4).jpg","Not established for this file","No OG/twitter image reference found on sampled public pages","No alpha in JPEG","Not established","Deferred; individual context/quality review required","Not established","Review required"
"imagess/Canimog_Gallery (5).JPG","Not observed in sampled initial DOM","image/jpeg","5184x3456","6271243","Not observed","Not established","Not established","Not established","Static / uploader not established for this file","No matching local DB path found","imagess/destination-thumbs/Canimog_Gallery (5).jpg","Not established for this file","No OG/twitter image reference found on sampled public pages","No alpha in JPEG","Not established","Deferred; individual context/quality review required","Not established","Review required"
"imagess/Canimog_Gallery (6).JPG","Not observed in sampled initial DOM","image/jpeg","5184x3456","8051342","Not observed","Not established","Not established","Not established","Static / uploader not established for this file","No matching local DB path found","imagess/destination-thumbs/Canimog_Gallery (6).jpg","Not established for this file","No OG/twitter image reference found on sampled public pages","No alpha in JPEG","Not established","Deferred; individual context/quality review required","Not established","Review required"
"imagess/Canimog_Gallery (7).JPG","Not observed in sampled initial DOM","image/jpeg","5184x3456","5791374","Not observed","Not established","Not established","Not established","Static / uploader not established for this file","No matching local DB path found","imagess/destination-thumbs/Canimog_Gallery (7).jpg","Not established for this file","No OG/twitter image reference found on sampled public pages","No alpha in JPEG","Not established","Deferred; individual context/quality review required","Not established","Review required"
"imagess/Canimog_Gallery (8).JPG","Not observed in sampled initial DOM","image/jpeg","5184x3456","5776158","Not observed","Not established","Not established","Not established","Static / uploader not established for this file","No matching local DB path found","imagess/destination-thumbs/Canimog_Gallery (8).jpg","Not established for this file","No OG/twitter image reference found on sampled public pages","No alpha in JPEG","Not established","Deferred; individual context/quality review required","Not established","Review required"
"imagess/Canimog_Gallery (9).JPG","Not observed in sampled initial DOM","image/jpeg","5184x3456","4760460","Not observed","Not established","Not established","Not established","Static / uploader not established for this file","No matching local DB path found","imagess/destination-thumbs/Canimog_Gallery (9).jpg","Not established for this file","No OG/twitter image reference found on sampled public pages","No alpha in JPEG","Not established","Deferred; individual context/quality review required","Not established","Review required"
"imagess/Canimog_header-img.png","Not observed in sampled initial DOM","image/png","1366x502","895938","Not observed","Not established","Not established","Not established","Static / uploader not established for this file","No matching local DB path found","imagess/destination-thumbs/Canimog_header-img.jpg","Not established for this file","No OG/twitter image reference found on sampled public pages","Potential alpha; do not discard without inspection","Not established","Deferred; individual context/quality review required","Not established","Review required"
"imagess/Canton.jpg","Not observed in sampled initial DOM","image/jpeg","640x480","61653","Not observed","Not established","Not established","Not established","Static / uploader not established for this file","No matching local DB path found","imagess/destination-thumbs/Canton.jpg","Not established for this file","No OG/twitter image reference found on sampled public pages","No alpha in JPEG","Not established","Deferred; individual context/quality review required","Not established","Review required"
"imagess/Canton_1.jpg","Not observed in sampled initial DOM","image/jpeg","1600x902","306821","Not observed","Not established","Not established","Not established","Current destination uploader: 40 MiB; 1600 card / 2400 hero / 1920 gallery; native format; legacy sources may predate optimizer","destination_gallery.image_path","imagess/destination-thumbs/Canton_1.jpg","Yes / available through content viewers (family-level source audit)","No OG/twitter image reference found on sampled public pages","No alpha in JPEG","Stored high-resolution/current image may be used by viewer","Deferred; individual context/quality review required","Not established","Review required"
"imagess/Canton_2.jpg","Not observed in sampled initial DOM","image/jpeg","1600x902","405261","Not observed","Not established","Not established","Not established","Current destination uploader: 40 MiB; 1600 card / 2400 hero / 1920 gallery; native format; legacy sources may predate optimizer","destination_gallery.image_path","None found by sibling/thumbnail convention","Yes / available through content viewers (family-level source audit)","No OG/twitter image reference found on sampled public pages","No alpha in JPEG","Stored high-resolution/current image may be used by viewer","Deferred; individual context/quality review required","Not established","Review required"
"imagess/Canton_3.jpg","Not observed in sampled initial DOM","image/webp","720x540","18306","Not observed","Not established","Not established","Not established","Current destination uploader: 40 MiB; 1600 card / 2400 hero / 1920 gallery; native format; legacy sources may predate optimizer","destination_gallery.image_path","None found by sibling/thumbnail convention","Yes / available through content viewers (family-level source audit)","No OG/twitter image reference found on sampled public pages","Potential alpha; do not discard without inspection","Stored high-resolution/current image may be used by viewer","Deferred; individual context/quality review required","Not established","Review required"
"imagess/Canton_header-img.png","Not observed in sampled initial DOM","image/png","1366x495","924816","Not observed","Not established","Not established","Not established","Static / uploader not established for this file","No matching local DB path found","imagess/destination-thumbs/Canton_header-img.jpg","Not established for this file","No OG/twitter image reference found on sampled public pages","Potential alpha; do not discard without inspection","Not established","Deferred; individual context/quality review required","Not established","Review required"
"imagess/Caringo.jpg","homepage (audit1); destination (audit1); homepage (desktop); homepage (mobile)","image/png","900x520","864153","208x221; 98x104; 224x237; 306x325","Yes in at least one sampled viewport","below fold; above fold","No","Static / uploader not established for this file","No matching local DB path found","None found by sibling/thumbnail convention","Not established for this file","No OG/twitter image reference found on sampled public pages","Potential alpha; do not discard without inspection","Not established","Deferred; individual context/quality review required","Not established","Review required"
"imagess/Caringo_1.jpg","Not observed in sampled initial DOM","image/png","900x520","864153","Not observed","Not established","Not established","Not established","Static / uploader not established for this file","No matching local DB path found","None found by sibling/thumbnail convention","Not established for this file","No OG/twitter image reference found on sampled public pages","Potential alpha; do not discard without inspection","Not established","Deferred; individual context/quality review required","Not established","Review required"
"imagess/Caringo_2.jpg","Not observed in sampled initial DOM","image/jpeg","1077x800","561880","Not observed","Not established","Not established","Not established","Static / uploader not established for this file","No matching local DB path found","None found by sibling/thumbnail convention","Not established for this file","No OG/twitter image reference found on sampled public pages","No alpha in JPEG","Not established","Deferred; individual context/quality review required","Not established","Review required"
"imagess/Caringo_3.jpg","Not observed in sampled initial DOM","image/webp","600x400","48106","Not observed","Not established","Not established","Not established","Static / uploader not established for this file","No matching local DB path found","None found by sibling/thumbnail convention","Not established for this file","No OG/twitter image reference found on sampled public pages","Potential alpha; do not discard without inspection","Not established","Deferred; individual context/quality review required","Not established","Review required"
"imagess/Caringo_4.jpg","Not observed in sampled initial DOM","image/png","900x520","668652","Not observed","Not established","Not established","Not established","Static / uploader not established for this file","No matching local DB path found","None found by sibling/thumbnail convention","Not established for this file","No OG/twitter image reference found on sampled public pages","Potential alpha; do not discard without inspection","Not established","Deferred; individual context/quality review required","Not established","Review required"
"imagess/Caringo_Gallery (1).JPG","Not observed in sampled initial DOM","image/jpeg","5184x3456","5837965","Not observed","Not established","Not established","Not established","Current destination uploader: 40 MiB; 1600 card / 2400 hero / 1920 gallery; native format; legacy sources may predate optimizer","destination_gallery.image_path","imagess/destination-thumbs/Caringo_Gallery (1).jpg","Yes / available through content viewers (family-level source audit)","No OG/twitter image reference found on sampled public pages","No alpha in JPEG","Stored high-resolution/current image may be used by viewer","Deferred; individual context/quality review required","Not established","Review required"
"imagess/Caringo_Gallery (12).JPG","Not observed in sampled initial DOM","image/jpeg","5184x3456","6389519","Not observed","Not established","Not established","Not established","Static / uploader not established for this file","No matching local DB path found","imagess/destination-thumbs/Caringo_Gallery (12).jpg","Not established for this file","No OG/twitter image reference found on sampled public pages","No alpha in JPEG","Not established","Deferred; individual context/quality review required","Not established","Review required"
"imagess/Caringo_Gallery (13).JPG","Not observed in sampled initial DOM","image/jpeg","5184x3456","6319718","Not observed","Not established","Not established","Not established","Static / uploader not established for this file","No matching local DB path found","imagess/destination-thumbs/Caringo_Gallery (13).jpg","Not established for this file","No OG/twitter image reference found on sampled public pages","No alpha in JPEG","Not established","Deferred; individual context/quality review required","Not established","Review required"
"imagess/Caringo_Gallery (14).JPG","Not observed in sampled initial DOM","image/jpeg","5184x3456","7317551","Not observed","Not established","Not established","Not established","Static / uploader not established for this file","No matching local DB path found","imagess/destination-thumbs/Caringo_Gallery (14).jpg","Not established for this file","No OG/twitter image reference found on sampled public pages","No alpha in JPEG","Not established","Deferred; individual context/quality review required","Not established","Review required"
"imagess/Caringo_Gallery (15).JPG","Not observed in sampled initial DOM","image/jpeg","5184x3456","5392759","Not observed","Not established","Not established","Not established","Static / uploader not established for this file","No matching local DB path found","imagess/destination-thumbs/Caringo_Gallery (15).jpg","Not established for this file","No OG/twitter image reference found on sampled public pages","No alpha in JPEG","Not established","Deferred; individual context/quality review required","Not established","Review required"
"imagess/Caringo_Gallery (16).JPG","Not observed in sampled initial DOM","image/jpeg","5184x3456","6175377","Not observed","Not established","Not established","Not established","Static / uploader not established for this file","No matching local DB path found","imagess/destination-thumbs/Caringo_Gallery (16).jpg","Not established for this file","No OG/twitter image reference found on sampled public pages","No alpha in JPEG","Not established","Deferred; individual context/quality review required","Not established","Review required"
"imagess/Caringo_Gallery (17).JPG","Not observed in sampled initial DOM","image/jpeg","5184x3456","7798308","Not observed","Not established","Not established","Not established","Static / uploader not established for this file","No matching local DB path found","imagess/destination-thumbs/Caringo_Gallery (17).jpg","Not established for this file","No OG/twitter image reference found on sampled public pages","No alpha in JPEG","Not established","Deferred; individual context/quality review required","Not established","Review required"
"imagess/Caringo_Gallery (18).JPG","Not observed in sampled initial DOM","image/jpeg","5184x3456","7665808","Not observed","Not established","Not established","Not established","Static / uploader not established for this file","No matching local DB path found","imagess/destination-thumbs/Caringo_Gallery (18).jpg","Not established for this file","No OG/twitter image reference found on sampled public pages","No alpha in JPEG","Not established","Deferred; individual context/quality review required","Not established","Review required"
"imagess/Caringo_Gallery (19).JPG","Not observed in sampled initial DOM","image/jpeg","5184x3456","6026214","Not observed","Not established","Not established","Not established","Static / uploader not established for this file","No matching local DB path found","None found by sibling/thumbnail convention","Not established for this file","No OG/twitter image reference found on sampled public pages","No alpha in JPEG","Not established","Deferred; individual context/quality review required","Not established","Review required"
"imagess/Caringo_Gallery (20).JPG","Not observed in sampled initial DOM","image/jpeg","5184x3456","7546321","Not observed","Not established","Not established","Not established","Static / uploader not established for this file","No matching local DB path found","imagess/destination-thumbs/Caringo_Gallery (20).jpg","Not established for this file","No OG/twitter image reference found on sampled public pages","No alpha in JPEG","Not established","Deferred; individual context/quality review required","Not established","Review required"
"imagess/Caringo_Gallery (21).JPG","Not observed in sampled initial DOM","image/jpeg","5184x3456","5988080","Not observed","Not established","Not established","Not established","Static / uploader not established for this file","No matching local DB path found","imagess/destination-thumbs/Caringo_Gallery (21).jpg","Not established for this file","No OG/twitter image reference found on sampled public pages","No alpha in JPEG","Not established","Deferred; individual context/quality review required","Not established","Review required"
"imagess/Caringo_header-img.png","Not observed in sampled initial DOM","image/png","1366x502","879560","Not observed","Not established","Not established","Not established","Static / uploader not established for this file","No matching local DB path found","imagess/destination-thumbs/Caringo_header-img.jpg","Not established for this file","No OG/twitter image reference found on sampled public pages","Potential alpha; do not discard without inspection","Not established","Deferred; individual context/quality review required","Not established","Review required"
"imagess/Church.jpg","homepage (audit1); destination (audit1); homepage (desktop); homepage (mobile)","image/jpeg","960x434","32476","32x32; 208x221; 274x190; 0x0; 285x302","Yes in at least one sampled viewport","above fold; below fold; hidden","No; Yes","Current destination uploader: 40 MiB; 1600 card / 2400 hero / 1920 gallery; native format; legacy sources may predate optimizer","destinations.card_image","imagess/destination-thumbs/Church.jpg","Yes / available through content viewers (family-level source audit)","No OG/twitter image reference found on sampled public pages","No alpha in JPEG","Stored high-resolution/current image may be used by viewer","Deferred; individual context/quality review required","Not established","Review required"
"imagess/Church_1.jpg","Not observed in sampled initial DOM","image/jpeg","1080x614","383331","Not observed","Not established","Not established","Not established","Current destination uploader: 40 MiB; 1600 card / 2400 hero / 1920 gallery; native format; legacy sources may predate optimizer","destination_gallery.image_path","imagess/destination-thumbs/Church_1.jpg","Yes / available through content viewers (family-level source audit)","No OG/twitter image reference found on sampled public pages","No alpha in JPEG","Stored high-resolution/current image may be used by viewer","Deferred; individual context/quality review required","Not established","Review required"
"imagess/Church_2.jpg","Not observed in sampled initial DOM","image/jpeg","1080x489","281450","Not observed","Not established","Not established","Not established","Current destination uploader: 40 MiB; 1600 card / 2400 hero / 1920 gallery; native format; legacy sources may predate optimizer","destination_gallery.image_path","None found by sibling/thumbnail convention","Yes / available through content viewers (family-level source audit)","No OG/twitter image reference found on sampled public pages","No alpha in JPEG","Stored high-resolution/current image may be used by viewer","Deferred; individual context/quality review required","Not established","Review required"
"imagess/Church_3.jpg","Not observed in sampled initial DOM","image/jpeg","1080x990","654717","Not observed","Not established","Not established","Not established","Current destination uploader: 40 MiB; 1600 card / 2400 hero / 1920 gallery; native format; legacy sources may predate optimizer","destination_gallery.image_path","imagess/destination-thumbs/Church_3.jpg","Yes / available through content viewers (family-level source audit)","No OG/twitter image reference found on sampled public pages","No alpha in JPEG","Stored high-resolution/current image may be used by viewer","Deferred; individual context/quality review required","Not established","Review required"
"imagess/Church_header-img.png","Not observed in sampled initial DOM","image/png","1366x495","635165","Not observed","Not established","Not established","Not established","Current destination uploader: 40 MiB; 1600 card / 2400 hero / 1920 gallery; native format; legacy sources may predate optimizer","destinations.hero_image","imagess/destination-thumbs/Church_header-img.jpg","Yes / available through content viewers (family-level source audit)","No OG/twitter image reference found on sampled public pages","Potential alpha; do not discard without inspection","Stored high-resolution/current image may be used by viewer","Deferred; individual context/quality review required","Not established","Review required"
"imagess/destination-thumbs/Apuao Grande_Gallery (1).jpg","Not observed in sampled initial DOM","image/jpeg","720x480","24859","Not observed","Not established","Not established","Not established","Existing destination thumbnail; original used by viewer","No matching local DB path found","None found by sibling/thumbnail convention","Not established for this file","No OG/twitter image reference found on sampled public pages","No alpha in JPEG","Not established","Retain existing behavior","0","Do not recompress"
"imagess/destination-thumbs/Apuao Grande_Gallery (2).jpg","Not observed in sampled initial DOM","image/jpeg","720x480","96905","Not observed","Not established","Not established","Not established","Existing destination thumbnail; original used by viewer","No matching local DB path found","None found by sibling/thumbnail convention","Not established for this file","No OG/twitter image reference found on sampled public pages","No alpha in JPEG","Not established","Retain existing behavior","0","Do not recompress"
"imagess/destination-thumbs/Apuao Grande_Gallery (3).jpg","Not observed in sampled initial DOM","image/jpeg","720x480","74276","Not observed","Not established","Not established","Not established","Existing destination thumbnail; original used by viewer","No matching local DB path found","None found by sibling/thumbnail convention","Not established for this file","No OG/twitter image reference found on sampled public pages","No alpha in JPEG","Not established","Retain existing behavior","0","Do not recompress"
"imagess/destination-thumbs/Apuao Grande_Gallery (4).jpg","Not observed in sampled initial DOM","image/jpeg","720x480","34821","Not observed","Not established","Not established","Not established","Existing destination thumbnail; original used by viewer","No matching local DB path found","None found by sibling/thumbnail convention","Not established for this file","No OG/twitter image reference found on sampled public pages","No alpha in JPEG","Not established","Retain existing behavior","0","Do not recompress"
"imagess/destination-thumbs/Apuao Grande_Gallery (5).jpg","Not observed in sampled initial DOM","image/jpeg","720x480","40895","Not observed","Not established","Not established","Not established","Existing destination thumbnail; original used by viewer","No matching local DB path found","None found by sibling/thumbnail convention","Not established for this file","No OG/twitter image reference found on sampled public pages","No alpha in JPEG","Not established","Retain existing behavior","0","Do not recompress"
"imagess/destination-thumbs/Apuao Grande_Gallery (6).jpg","Not observed in sampled initial DOM","image/jpeg","720x480","56772","Not observed","Not established","Not established","Not established","Existing destination thumbnail; original used by viewer","No matching local DB path found","None found by sibling/thumbnail convention","Not established for this file","No OG/twitter image reference found on sampled public pages","No alpha in JPEG","Not established","Retain existing behavior","0","Do not recompress"
"imagess/destination-thumbs/Apuao Grande_Gallery (7).jpg","Not observed in sampled initial DOM","image/jpeg","720x480","56581","Not observed","Not established","Not established","Not established","Existing destination thumbnail; original used by viewer","No matching local DB path found","None found by sibling/thumbnail convention","Not established for this file","No OG/twitter image reference found on sampled public pages","No alpha in JPEG","Not established","Retain existing behavior","0","Do not recompress"
"imagess/destination-thumbs/Apuao Grande_Gallery (8).jpg","Not observed in sampled initial DOM","image/jpeg","720x480","48755","Not observed","Not established","Not established","Not established","Existing destination thumbnail; original used by viewer","No matching local DB path found","None found by sibling/thumbnail convention","Not established for this file","No OG/twitter image reference found on sampled public pages","No alpha in JPEG","Not established","Retain existing behavior","0","Do not recompress"
"imagess/destination-thumbs/Apuao Grande_Gallery (9).jpg","Not observed in sampled initial DOM","image/jpeg","720x480","71812","Not observed","Not established","Not established","Not established","Existing destination thumbnail; original used by viewer","No matching local DB path found","None found by sibling/thumbnail convention","Not established for this file","No OG/twitter image reference found on sampled public pages","No alpha in JPEG","Not established","Retain existing behavior","0","Do not recompress"
"imagess/destination-thumbs/Apuao Grande_Gallery.jpg","Not observed in sampled initial DOM","image/jpeg","720x480","60941","Not observed","Not established","Not established","Not established","Existing destination thumbnail; original used by viewer","No matching local DB path found","None found by sibling/thumbnail convention","Not established for this file","No OG/twitter image reference found on sampled public pages","No alpha in JPEG","Not established","Retain existing behavior","0","Do not recompress"
"imagess/destination-thumbs/Apuao Grande_header-img.jpg","Not observed in sampled initial DOM","image/jpeg","720x272","25742","Not observed","Not established","Not established","Not established","Existing destination thumbnail; original used by viewer","No matching local DB path found","None found by sibling/thumbnail convention","Not established for this file","No OG/twitter image reference found on sampled public pages","No alpha in JPEG","Not established","Retain existing behavior","0","Do not recompress"
"imagess/destination-thumbs/Apuao Pequena_Gallery (1).jpg","Not observed in sampled initial DOM","image/jpeg","720x480","31304","Not observed","Not established","Not established","Not established","Existing destination thumbnail; original used by viewer","No matching local DB path found","None found by sibling/thumbnail convention","Not established for this file","No OG/twitter image reference found on sampled public pages","No alpha in JPEG","Not established","Retain existing behavior","0","Do not recompress"
"imagess/destination-thumbs/Apuao Pequena_Gallery (10).jpg","Not observed in sampled initial DOM","image/jpeg","720x480","72474","Not observed","Not established","Not established","Not established","Existing destination thumbnail; original used by viewer","No matching local DB path found","None found by sibling/thumbnail convention","Not established for this file","No OG/twitter image reference found on sampled public pages","No alpha in JPEG","Not established","Retain existing behavior","0","Do not recompress"
"imagess/destination-thumbs/Apuao Pequena_Gallery (2).jpg","Not observed in sampled initial DOM","image/jpeg","720x480","28397","Not observed","Not established","Not established","Not established","Existing destination thumbnail; original used by viewer","No matching local DB path found","None found by sibling/thumbnail convention","Not established for this file","No OG/twitter image reference found on sampled public pages","No alpha in JPEG","Not established","Retain existing behavior","0","Do not recompress"
"imagess/destination-thumbs/Apuao Pequena_Gallery (3).jpg","Not observed in sampled initial DOM","image/jpeg","720x480","31917","Not observed","Not established","Not established","Not established","Existing destination thumbnail; original used by viewer","No matching local DB path found","None found by sibling/thumbnail convention","Not established for this file","No OG/twitter image reference found on sampled public pages","No alpha in JPEG","Not established","Retain existing behavior","0","Do not recompress"
"imagess/destination-thumbs/Apuao Pequena_Gallery (4).jpg","Not observed in sampled initial DOM","image/jpeg","720x480","40798","Not observed","Not established","Not established","Not established","Existing destination thumbnail; original used by viewer","No matching local DB path found","None found by sibling/thumbnail convention","Not established for this file","No OG/twitter image reference found on sampled public pages","No alpha in JPEG","Not established","Retain existing behavior","0","Do not recompress"
"imagess/destination-thumbs/Apuao Pequena_Gallery (5).jpg","Not observed in sampled initial DOM","image/jpeg","720x480","45981","Not observed","Not established","Not established","Not established","Existing destination thumbnail; original used by viewer","No matching local DB path found","None found by sibling/thumbnail convention","Not established for this file","No OG/twitter image reference found on sampled public pages","No alpha in JPEG","Not established","Retain existing behavior","0","Do not recompress"
"imagess/destination-thumbs/Apuao Pequena_Gallery (6).jpg","Not observed in sampled initial DOM","image/jpeg","720x480","77144","Not observed","Not established","Not established","Not established","Existing destination thumbnail; original used by viewer","No matching local DB path found","None found by sibling/thumbnail convention","Not established for this file","No OG/twitter image reference found on sampled public pages","No alpha in JPEG","Not established","Retain existing behavior","0","Do not recompress"
"imagess/destination-thumbs/Apuao Pequena_Gallery (7).jpg","Not observed in sampled initial DOM","image/jpeg","720x480","18837","Not observed","Not established","Not established","Not established","Existing destination thumbnail; original used by viewer","No matching local DB path found","None found by sibling/thumbnail convention","Not established for this file","No OG/twitter image reference found on sampled public pages","No alpha in JPEG","Not established","Retain existing behavior","0","Do not recompress"
"imagess/destination-thumbs/Apuao Pequena_Gallery (8).jpg","Not observed in sampled initial DOM","image/jpeg","720x480","76336","Not observed","Not established","Not established","Not established","Existing destination thumbnail; original used by viewer","No matching local DB path found","None found by sibling/thumbnail convention","Not established for this file","No OG/twitter image reference found on sampled public pages","No alpha in JPEG","Not established","Retain existing behavior","0","Do not recompress"
"imagess/destination-thumbs/Apuao Pequena_Gallery (9).jpg","Not observed in sampled initial DOM","image/jpeg","720x480","39263","Not observed","Not established","Not established","Not established","Existing destination thumbnail; original used by viewer","No matching local DB path found","None found by sibling/thumbnail convention","Not established for this file","No OG/twitter image reference found on sampled public pages","No alpha in JPEG","Not established","Retain existing behavior","0","Do not recompress"
"imagess/destination-thumbs/Apuao Pequena_header-img.jpg","Not observed in sampled initial DOM","image/jpeg","720x265","23684","Not observed","Not established","Not established","Not established","Existing destination thumbnail; original used by viewer","No matching local DB path found","None found by sibling/thumbnail convention","Not established for this file","No OG/twitter image reference found on sampled public pages","No alpha in JPEG","Not established","Retain existing behavior","0","Do not recompress"
"imagess/destination-thumbs/Canimog_Gallery (1).jpg","Not observed in sampled initial DOM","image/jpeg","720x480","32934","Not observed","Not established","Not established","Not established","Existing destination thumbnail; original used by viewer","No matching local DB path found","None found by sibling/thumbnail convention","Not established for this file","No OG/twitter image reference found on sampled public pages","No alpha in JPEG","Not established","Retain existing behavior","0","Do not recompress"
"imagess/destination-thumbs/Canimog_Gallery (10).jpg","Not observed in sampled initial DOM","image/jpeg","720x480","33470","Not observed","Not established","Not established","Not established","Existing destination thumbnail; original used by viewer","No matching local DB path found","None found by sibling/thumbnail convention","Not established for this file","No OG/twitter image reference found on sampled public pages","No alpha in JPEG","Not established","Retain existing behavior","0","Do not recompress"
"imagess/destination-thumbs/Canimog_Gallery (2).jpg","Not observed in sampled initial DOM","image/jpeg","720x480","29203","Not observed","Not established","Not established","Not established","Existing destination thumbnail; original used by viewer","No matching local DB path found","None found by sibling/thumbnail convention","Not established for this file","No OG/twitter image reference found on sampled public pages","No alpha in JPEG","Not established","Retain existing behavior","0","Do not recompress"
"imagess/destination-thumbs/Canimog_Gallery (3).jpg","Not observed in sampled initial DOM","image/jpeg","720x480","25498","Not observed","Not established","Not established","Not established","Existing destination thumbnail; original used by viewer","No matching local DB path found","None found by sibling/thumbnail convention","Not established for this file","No OG/twitter image reference found on sampled public pages","No alpha in JPEG","Not established","Retain existing behavior","0","Do not recompress"
"imagess/destination-thumbs/Canimog_Gallery (4).jpg","Not observed in sampled initial DOM","image/jpeg","720x480","31988","Not observed","Not established","Not established","Not established","Existing destination thumbnail; original used by viewer","No matching local DB path found","None found by sibling/thumbnail convention","Not established for this file","No OG/twitter image reference found on sampled public pages","No alpha in JPEG","Not established","Retain existing behavior","0","Do not recompress"
"imagess/destination-thumbs/Canimog_Gallery (5).jpg","Not observed in sampled initial DOM","image/jpeg","720x480","31700","Not observed","Not established","Not established","Not established","Existing destination thumbnail; original used by viewer","No matching local DB path found","None found by sibling/thumbnail convention","Not established for this file","No OG/twitter image reference found on sampled public pages","No alpha in JPEG","Not established","Retain existing behavior","0","Do not recompress"
"imagess/destination-thumbs/Canimog_Gallery (6).jpg","Not observed in sampled initial DOM","image/jpeg","720x480","45784","Not observed","Not established","Not established","Not established","Existing destination thumbnail; original used by viewer","No matching local DB path found","None found by sibling/thumbnail convention","Not established for this file","No OG/twitter image reference found on sampled public pages","No alpha in JPEG","Not established","Retain existing behavior","0","Do not recompress"
"imagess/destination-thumbs/Canimog_Gallery (7).jpg","Not observed in sampled initial DOM","image/jpeg","720x480","30470","Not observed","Not established","Not established","Not established","Existing destination thumbnail; original used by viewer","No matching local DB path found","None found by sibling/thumbnail convention","Not established for this file","No OG/twitter image reference found on sampled public pages","No alpha in JPEG","Not established","Retain existing behavior","0","Do not recompress"
"imagess/destination-thumbs/Canimog_Gallery (8).jpg","Not observed in sampled initial DOM","image/jpeg","720x480","28153","Not observed","Not established","Not established","Not established","Existing destination thumbnail; original used by viewer","No matching local DB path found","None found by sibling/thumbnail convention","Not established for this file","No OG/twitter image reference found on sampled public pages","No alpha in JPEG","Not established","Retain existing behavior","0","Do not recompress"
"imagess/destination-thumbs/Canimog_Gallery (9).jpg","Not observed in sampled initial DOM","image/jpeg","720x480","38096","Not observed","Not established","Not established","Not established","Existing destination thumbnail; original used by viewer","No matching local DB path found","None found by sibling/thumbnail convention","Not established for this file","No OG/twitter image reference found on sampled public pages","No alpha in JPEG","Not established","Retain existing behavior","0","Do not recompress"
"imagess/destination-thumbs/Canimog_header-img.jpg","Not observed in sampled initial DOM","image/jpeg","720x265","36600","Not observed","Not established","Not established","Not established","Existing destination thumbnail; original used by viewer","No matching local DB path found","None found by sibling/thumbnail convention","Not established for this file","No OG/twitter image reference found on sampled public pages","No alpha in JPEG","Not established","Retain existing behavior","0","Do not recompress"
"imagess/destination-thumbs/Canton.jpg","Not observed in sampled initial DOM","image/jpeg","640x480","48120","Not observed","Not established","Not established","Not established","Existing destination thumbnail; original used by viewer","No matching local DB path found","None found by sibling/thumbnail convention","Not established for this file","No OG/twitter image reference found on sampled public pages","No alpha in JPEG","Not established","Retain existing behavior","0","Do not recompress"
"imagess/destination-thumbs/Canton_1.jpg","Not observed in sampled initial DOM","image/jpeg","720x406","41348","Not observed","Not established","Not established","Not established","Existing destination thumbnail; original used by viewer","No matching local DB path found","None found by sibling/thumbnail convention","Not established for this file","No OG/twitter image reference found on sampled public pages","No alpha in JPEG","Not established","Retain existing behavior","0","Do not recompress"
"imagess/destination-thumbs/Canton_header-img.jpg","Not observed in sampled initial DOM","image/jpeg","720x261","30820","Not observed","Not established","Not established","Not established","Existing destination thumbnail; original used by viewer","No matching local DB path found","None found by sibling/thumbnail convention","Not established for this file","No OG/twitter image reference found on sampled public pages","No alpha in JPEG","Not established","Retain existing behavior","0","Do not recompress"
"imagess/destination-thumbs/Caringo_Gallery (1).jpg","Not observed in sampled initial DOM","image/jpeg","720x480","29719","Not observed","Not established","Not established","Not established","Existing destination thumbnail; original used by viewer","No matching local DB path found","None found by sibling/thumbnail convention","Not established for this file","No OG/twitter image reference found on sampled public pages","No alpha in JPEG","Not established","Retain existing behavior","0","Do not recompress"
"imagess/destination-thumbs/Caringo_Gallery (12).jpg","Not observed in sampled initial DOM","image/jpeg","720x480","41685","Not observed","Not established","Not established","Not established","Existing destination thumbnail; original used by viewer","No matching local DB path found","None found by sibling/thumbnail convention","Not established for this file","No OG/twitter image reference found on sampled public pages","No alpha in JPEG","Not established","Retain existing behavior","0","Do not recompress"
"imagess/destination-thumbs/Caringo_Gallery (13).jpg","Not observed in sampled initial DOM","image/jpeg","720x480","39582","Not observed","Not established","Not established","Not established","Existing destination thumbnail; original used by viewer","No matching local DB path found","None found by sibling/thumbnail convention","Not established for this file","No OG/twitter image reference found on sampled public pages","No alpha in JPEG","Not established","Retain existing behavior","0","Do not recompress"
"imagess/destination-thumbs/Caringo_Gallery (14).jpg","Not observed in sampled initial DOM","image/jpeg","720x480","77526","Not observed","Not established","Not established","Not established","Existing destination thumbnail; original used by viewer","No matching local DB path found","None found by sibling/thumbnail convention","Not established for this file","No OG/twitter image reference found on sampled public pages","No alpha in JPEG","Not established","Retain existing behavior","0","Do not recompress"
"imagess/destination-thumbs/Caringo_Gallery (15).jpg","Not observed in sampled initial DOM","image/jpeg","720x480","40687","Not observed","Not established","Not established","Not established","Existing destination thumbnail; original used by viewer","No matching local DB path found","None found by sibling/thumbnail convention","Not established for this file","No OG/twitter image reference found on sampled public pages","No alpha in JPEG","Not established","Retain existing behavior","0","Do not recompress"
"imagess/destination-thumbs/Caringo_Gallery (16).jpg","Not observed in sampled initial DOM","image/jpeg","720x480","34620","Not observed","Not established","Not established","Not established","Existing destination thumbnail; original used by viewer","No matching local DB path found","None found by sibling/thumbnail convention","Not established for this file","No OG/twitter image reference found on sampled public pages","No alpha in JPEG","Not established","Retain existing behavior","0","Do not recompress"
"imagess/destination-thumbs/Caringo_Gallery (17).jpg","Not observed in sampled initial DOM","image/jpeg","720x480","82264","Not observed","Not established","Not established","Not established","Existing destination thumbnail; original used by viewer","No matching local DB path found","None found by sibling/thumbnail convention","Not established for this file","No OG/twitter image reference found on sampled public pages","No alpha in JPEG","Not established","Retain existing behavior","0","Do not recompress"
"imagess/destination-thumbs/Caringo_Gallery (18).jpg","Not observed in sampled initial DOM","image/jpeg","720x480","67710","Not observed","Not established","Not established","Not established","Existing destination thumbnail; original used by viewer","No matching local DB path found","None found by sibling/thumbnail convention","Not established for this file","No OG/twitter image reference found on sampled public pages","No alpha in JPEG","Not established","Retain existing behavior","0","Do not recompress"
"imagess/destination-thumbs/Caringo_Gallery (20).jpg","Not observed in sampled initial DOM","image/jpeg","720x480","70770","Not observed","Not established","Not established","Not established","Existing destination thumbnail; original used by viewer","No matching local DB path found","None found by sibling/thumbnail convention","Not established for this file","No OG/twitter image reference found on sampled public pages","No alpha in JPEG","Not established","Retain existing behavior","0","Do not recompress"
"imagess/destination-thumbs/Caringo_Gallery (21).jpg","Not observed in sampled initial DOM","image/jpeg","720x480","55705","Not observed","Not established","Not established","Not established","Existing destination thumbnail; original used by viewer","No matching local DB path found","None found by sibling/thumbnail convention","Not established for this file","No OG/twitter image reference found on sampled public pages","No alpha in JPEG","Not established","Retain existing behavior","0","Do not recompress"
"imagess/destination-thumbs/Caringo_header-img.jpg","Not observed in sampled initial DOM","image/jpeg","720x265","28056","Not observed","Not established","Not established","Not established","Existing destination thumbnail; original used by viewer","No matching local DB path found","None found by sibling/thumbnail convention","Not established for this file","No OG/twitter image reference found on sampled public pages","No alpha in JPEG","Not established","Retain existing behavior","0","Do not recompress"
"imagess/destination-thumbs/Church.jpg","Not observed in sampled initial DOM","image/jpeg","720x326","25957","Not observed","Not established","Not established","Not established","Existing destination thumbnail; original used by viewer","No matching local DB path found","None found by sibling/thumbnail convention","Not established for this file","No OG/twitter image reference found on sampled public pages","No alpha in JPEG","Not established","Retain existing behavior","0","Do not recompress"
"imagess/destination-thumbs/Church_1.jpg","Not observed in sampled initial DOM","image/jpeg","720x409","43807","Not observed","Not established","Not established","Not established","Existing destination thumbnail; original used by viewer","No matching local DB path found","None found by sibling/thumbnail convention","Not established for this file","No OG/twitter image reference found on sampled public pages","No alpha in JPEG","Not established","Retain existing behavior","0","Do not recompress"
"imagess/destination-thumbs/Church_3.jpg","Not observed in sampled initial DOM","image/jpeg","589x540","57096","Not observed","Not established","Not established","Not established","Existing destination thumbnail; original used by viewer","No matching local DB path found","None found by sibling/thumbnail convention","Not established for this file","No OG/twitter image reference found on sampled public pages","No alpha in JPEG","Not established","Retain existing behavior","0","Do not recompress"
"imagess/destination-thumbs/Church_header-img.jpg","Not observed in sampled initial DOM","image/jpeg","720x261","26806","Not observed","Not established","Not established","Not established","Existing destination thumbnail; original used by viewer","No matching local DB path found","None found by sibling/thumbnail convention","Not established for this file","No OG/twitter image reference found on sampled public pages","No alpha in JPEG","Not established","Retain existing behavior","0","Do not recompress"
"imagess/destination-thumbs/Malasugui_Gallery (1).jpg","Not observed in sampled initial DOM","image/jpeg","720x480","25556","Not observed","Not established","Not established","Not established","Existing destination thumbnail; original used by viewer","No matching local DB path found","None found by sibling/thumbnail convention","Not established for this file","No OG/twitter image reference found on sampled public pages","No alpha in JPEG","Not established","Retain existing behavior","0","Do not recompress"
"imagess/destination-thumbs/Malasugui_Gallery (10).jpg","Not observed in sampled initial DOM","image/jpeg","720x480","27246","Not observed","Not established","Not established","Not established","Existing destination thumbnail; original used by viewer","No matching local DB path found","None found by sibling/thumbnail convention","Not established for this file","No OG/twitter image reference found on sampled public pages","No alpha in JPEG","Not established","Retain existing behavior","0","Do not recompress"
"imagess/destination-thumbs/Malasugui_Gallery (2).jpg","Not observed in sampled initial DOM","image/jpeg","720x480","35062","Not observed","Not established","Not established","Not established","Existing destination thumbnail; original used by viewer","No matching local DB path found","None found by sibling/thumbnail convention","Not established for this file","No OG/twitter image reference found on sampled public pages","No alpha in JPEG","Not established","Retain existing behavior","0","Do not recompress"
"imagess/destination-thumbs/Malasugui_Gallery (3).jpg","Not observed in sampled initial DOM","image/jpeg","720x480","31972","Not observed","Not established","Not established","Not established","Existing destination thumbnail; original used by viewer","No matching local DB path found","None found by sibling/thumbnail convention","Not established for this file","No OG/twitter image reference found on sampled public pages","No alpha in JPEG","Not established","Retain existing behavior","0","Do not recompress"
"imagess/destination-thumbs/Malasugui_Gallery (4).jpg","Not observed in sampled initial DOM","image/jpeg","720x480","32154","Not observed","Not established","Not established","Not established","Existing destination thumbnail; original used by viewer","No matching local DB path found","None found by sibling/thumbnail convention","Not established for this file","No OG/twitter image reference found on sampled public pages","No alpha in JPEG","Not established","Retain existing behavior","0","Do not recompress"
"imagess/destination-thumbs/Malasugui_Gallery (5).jpg","Not observed in sampled initial DOM","image/jpeg","720x480","30967","Not observed","Not established","Not established","Not established","Existing destination thumbnail; original used by viewer","No matching local DB path found","None found by sibling/thumbnail convention","Not established for this file","No OG/twitter image reference found on sampled public pages","No alpha in JPEG","Not established","Retain existing behavior","0","Do not recompress"
"imagess/destination-thumbs/Malasugui_Gallery (6).jpg","Not observed in sampled initial DOM","image/jpeg","720x480","28056","Not observed","Not established","Not established","Not established","Existing destination thumbnail; original used by viewer","No matching local DB path found","None found by sibling/thumbnail convention","Not established for this file","No OG/twitter image reference found on sampled public pages","No alpha in JPEG","Not established","Retain existing behavior","0","Do not recompress"
"imagess/destination-thumbs/Malasugui_Gallery (7).jpg","Not observed in sampled initial DOM","image/jpeg","720x480","34267","Not observed","Not established","Not established","Not established","Existing destination thumbnail; original used by viewer","No matching local DB path found","None found by sibling/thumbnail convention","Not established for this file","No OG/twitter image reference found on sampled public pages","No alpha in JPEG","Not established","Retain existing behavior","0","Do not recompress"
"imagess/destination-thumbs/Malasugui_Gallery (8).jpg","Not observed in sampled initial DOM","image/jpeg","720x480","31579","Not observed","Not established","Not established","Not established","Existing destination thumbnail; original used by viewer","No matching local DB path found","None found by sibling/thumbnail convention","Not established for this file","No OG/twitter image reference found on sampled public pages","No alpha in JPEG","Not established","Retain existing behavior","0","Do not recompress"
"imagess/destination-thumbs/Malasugui_Gallery (9).jpg","Not observed in sampled initial DOM","image/jpeg","720x480","27566","Not observed","Not established","Not established","Not established","Existing destination thumbnail; original used by viewer","No matching local DB path found","None found by sibling/thumbnail convention","Not established for this file","No OG/twitter image reference found on sampled public pages","No alpha in JPEG","Not established","Retain existing behavior","0","Do not recompress"
"imagess/destination-thumbs/Malasugui_header-img.jpg","Not observed in sampled initial DOM","image/jpeg","720x265","29697","Not observed","Not established","Not established","Not established","Existing destination thumbnail; original used by viewer","No matching local DB path found","None found by sibling/thumbnail convention","Not established for this file","No OG/twitter image reference found on sampled public pages","No alpha in JPEG","Not established","Retain existing behavior","0","Do not recompress"
"imagess/destination-thumbs/Quinapaguian_Gallery (1).jpg","Not observed in sampled initial DOM","image/jpeg","720x480","34808","Not observed","Not established","Not established","Not established","Existing destination thumbnail; original used by viewer","No matching local DB path found","None found by sibling/thumbnail convention","Not established for this file","No OG/twitter image reference found on sampled public pages","No alpha in JPEG","Not established","Retain existing behavior","0","Do not recompress"
"imagess/destination-thumbs/Quinapaguian_Gallery (10).jpg","Not observed in sampled initial DOM","image/jpeg","720x480","33574","Not observed","Not established","Not established","Not established","Existing destination thumbnail; original used by viewer","No matching local DB path found","None found by sibling/thumbnail convention","Not established for this file","No OG/twitter image reference found on sampled public pages","No alpha in JPEG","Not established","Retain existing behavior","0","Do not recompress"
"imagess/destination-thumbs/Quinapaguian_Gallery (2).jpg","Not observed in sampled initial DOM","image/jpeg","720x480","35677","Not observed","Not established","Not established","Not established","Existing destination thumbnail; original used by viewer","No matching local DB path found","None found by sibling/thumbnail convention","Not established for this file","No OG/twitter image reference found on sampled public pages","No alpha in JPEG","Not established","Retain existing behavior","0","Do not recompress"
"imagess/destination-thumbs/Quinapaguian_Gallery (3).jpg","Not observed in sampled initial DOM","image/jpeg","720x480","40126","Not observed","Not established","Not established","Not established","Existing destination thumbnail; original used by viewer","No matching local DB path found","None found by sibling/thumbnail convention","Not established for this file","No OG/twitter image reference found on sampled public pages","No alpha in JPEG","Not established","Retain existing behavior","0","Do not recompress"
"imagess/destination-thumbs/Quinapaguian_Gallery (4).jpg","Not observed in sampled initial DOM","image/jpeg","720x480","28007","Not observed","Not established","Not established","Not established","Existing destination thumbnail; original used by viewer","No matching local DB path found","None found by sibling/thumbnail convention","Not established for this file","No OG/twitter image reference found on sampled public pages","No alpha in JPEG","Not established","Retain existing behavior","0","Do not recompress"
"imagess/destination-thumbs/Quinapaguian_Gallery (5).jpg","Not observed in sampled initial DOM","image/jpeg","720x480","32287","Not observed","Not established","Not established","Not established","Existing destination thumbnail; original used by viewer","No matching local DB path found","None found by sibling/thumbnail convention","Not established for this file","No OG/twitter image reference found on sampled public pages","No alpha in JPEG","Not established","Retain existing behavior","0","Do not recompress"
"imagess/destination-thumbs/Quinapaguian_Gallery (6).jpg","Not observed in sampled initial DOM","image/jpeg","720x480","31795","Not observed","Not established","Not established","Not established","Existing destination thumbnail; original used by viewer","No matching local DB path found","None found by sibling/thumbnail convention","Not established for this file","No OG/twitter image reference found on sampled public pages","No alpha in JPEG","Not established","Retain existing behavior","0","Do not recompress"
"imagess/destination-thumbs/Quinapaguian_Gallery (7).jpg","Not observed in sampled initial DOM","image/jpeg","720x480","34669","Not observed","Not established","Not established","Not established","Existing destination thumbnail; original used by viewer","No matching local DB path found","None found by sibling/thumbnail convention","Not established for this file","No OG/twitter image reference found on sampled public pages","No alpha in JPEG","Not established","Retain existing behavior","0","Do not recompress"
"imagess/destination-thumbs/Quinapaguian_Gallery (8).jpg","Not observed in sampled initial DOM","image/jpeg","720x480","31930","Not observed","Not established","Not established","Not established","Existing destination thumbnail; original used by viewer","No matching local DB path found","None found by sibling/thumbnail convention","Not established for this file","No OG/twitter image reference found on sampled public pages","No alpha in JPEG","Not established","Retain existing behavior","0","Do not recompress"
"imagess/destination-thumbs/Quinapaguian_Gallery (9).jpg","Not observed in sampled initial DOM","image/jpeg","720x480","33371","Not observed","Not established","Not established","Not established","Existing destination thumbnail; original used by viewer","No matching local DB path found","None found by sibling/thumbnail convention","Not established for this file","No OG/twitter image reference found on sampled public pages","No alpha in JPEG","Not established","Retain existing behavior","0","Do not recompress"
"imagess/destination-thumbs/Quinapaguian_header-img.jpg","Not observed in sampled initial DOM","image/jpeg","720x264","25554","Not observed","Not established","Not established","Not established","Existing destination thumbnail; original used by viewer","No matching local DB path found","None found by sibling/thumbnail convention","Not established for this file","No OG/twitter image reference found on sampled public pages","No alpha in JPEG","Not established","Retain existing behavior","0","Do not recompress"
"imagess/images.jpeg","Not observed in sampled initial DOM","image/jpeg","259x194","6825","Not observed","Not established","Not established","Not established","Static / uploader not established for this file","No matching local DB path found","None found by sibling/thumbnail convention","Not established for this file","No OG/twitter image reference found on sampled public pages","No alpha in JPEG","Not established","Deferred; individual context/quality review required","Not established","Review required"
"imagess/IMG_8538.JPG","Not observed in sampled initial DOM","image/jpeg","5184x3456","7557224","Not observed","Not established","Not established","Not established","Static / uploader not established for this file","No matching local DB path found","None found by sibling/thumbnail convention","Not established for this file","No OG/twitter image reference found on sampled public pages","No alpha in JPEG","Not established","Deferred; individual context/quality review required","Not established","Review required"
"imagess/Malasugui.jpg","Not observed in sampled initial DOM","image/jpeg","225x225","13182","Not observed","Not established","Not established","Not established","Static / uploader not established for this file","No matching local DB path found","None found by sibling/thumbnail convention","Not established for this file","No OG/twitter image reference found on sampled public pages","No alpha in JPEG","Not established","Deferred; individual context/quality review required","Not established","Review required"
"imagess/Malasugui_1.jpg","Not observed in sampled initial DOM","image/jpeg","259x194","5448","Not observed","Not established","Not established","Not established","Static / uploader not established for this file","No matching local DB path found","None found by sibling/thumbnail convention","Not established for this file","No OG/twitter image reference found on sampled public pages","No alpha in JPEG","Not established","Deferred; individual context/quality review required","Not established","Review required"
"imagess/Malasugui_2.jpg","Not observed in sampled initial DOM","image/jpeg","259x194","15982","Not observed","Not established","Not established","Not established","Static / uploader not established for this file","No matching local DB path found","None found by sibling/thumbnail convention","Not established for this file","No OG/twitter image reference found on sampled public pages","No alpha in JPEG","Not established","Deferred; individual context/quality review required","Not established","Review required"
"imagess/Malasugui_3.jpg","Not observed in sampled initial DOM","image/jpeg","259x194","16130","Not observed","Not established","Not established","Not established","Static / uploader not established for this file","No matching local DB path found","None found by sibling/thumbnail convention","Not established for this file","No OG/twitter image reference found on sampled public pages","No alpha in JPEG","Not established","Deferred; individual context/quality review required","Not established","Review required"
"imagess/Malasugui_Gallery (1).JPG","Not observed in sampled initial DOM","image/jpeg","5184x3456","4763866","Not observed","Not established","Not established","Not established","Current destination uploader: 40 MiB; 1600 card / 2400 hero / 1920 gallery; native format; legacy sources may predate optimizer","destination_gallery.image_path","imagess/destination-thumbs/Malasugui_Gallery (1).jpg","Yes / available through content viewers (family-level source audit)","No OG/twitter image reference found on sampled public pages","No alpha in JPEG","Stored high-resolution/current image may be used by viewer","Deferred; individual context/quality review required","Not established","Review required"
"imagess/Malasugui_Gallery (10).JPG","Not observed in sampled initial DOM","image/jpeg","5184x3456","5589093","Not observed","Not established","Not established","Not established","Static / uploader not established for this file","No matching local DB path found","imagess/destination-thumbs/Malasugui_Gallery (10).jpg","Not established for this file","No OG/twitter image reference found on sampled public pages","No alpha in JPEG","Not established","Deferred; individual context/quality review required","Not established","Review required"
"imagess/Malasugui_Gallery (2).JPG","Not observed in sampled initial DOM","image/jpeg","5184x3456","4849032","Not observed","Not established","Not established","Not established","Current destination uploader: 40 MiB; 1600 card / 2400 hero / 1920 gallery; native format; legacy sources may predate optimizer","destination_gallery.image_path","imagess/destination-thumbs/Malasugui_Gallery (2).jpg","Yes / available through content viewers (family-level source audit)","No OG/twitter image reference found on sampled public pages","No alpha in JPEG","Stored high-resolution/current image may be used by viewer","Deferred; individual context/quality review required","Not established","Review required"
"imagess/Malasugui_Gallery (3).JPG","Not observed in sampled initial DOM","image/jpeg","5184x3456","4449557","Not observed","Not established","Not established","Not established","Current destination uploader: 40 MiB; 1600 card / 2400 hero / 1920 gallery; native format; legacy sources may predate optimizer","destination_gallery.image_path","imagess/destination-thumbs/Malasugui_Gallery (3).jpg","Yes / available through content viewers (family-level source audit)","No OG/twitter image reference found on sampled public pages","No alpha in JPEG","Stored high-resolution/current image may be used by viewer","Deferred; individual context/quality review required","Not established","Review required"
"imagess/Malasugui_Gallery (4).JPG","Not observed in sampled initial DOM","image/jpeg","5184x3456","5569433","Not observed","Not established","Not established","Not established","Static / uploader not established for this file","No matching local DB path found","imagess/destination-thumbs/Malasugui_Gallery (4).jpg","Not established for this file","No OG/twitter image reference found on sampled public pages","No alpha in JPEG","Not established","Deferred; individual context/quality review required","Not established","Review required"
"imagess/Malasugui_Gallery (5).JPG","Not observed in sampled initial DOM","image/jpeg","5184x3456","5555265","Not observed","Not established","Not established","Not established","Static / uploader not established for this file","No matching local DB path found","imagess/destination-thumbs/Malasugui_Gallery (5).jpg","Not established for this file","No OG/twitter image reference found on sampled public pages","No alpha in JPEG","Not established","Deferred; individual context/quality review required","Not established","Review required"
"imagess/Malasugui_Gallery (6).JPG","Not observed in sampled initial DOM","image/jpeg","5184x3456","4754938","Not observed","Not established","Not established","Not established","Static / uploader not established for this file","No matching local DB path found","imagess/destination-thumbs/Malasugui_Gallery (6).jpg","Not established for this file","No OG/twitter image reference found on sampled public pages","No alpha in JPEG","Not established","Deferred; individual context/quality review required","Not established","Review required"
"imagess/Malasugui_Gallery (7).JPG","Not observed in sampled initial DOM","image/jpeg","5184x3456","5744418","Not observed","Not established","Not established","Not established","Static / uploader not established for this file","No matching local DB path found","imagess/destination-thumbs/Malasugui_Gallery (7).jpg","Not established for this file","No OG/twitter image reference found on sampled public pages","No alpha in JPEG","Not established","Deferred; individual context/quality review required","Not established","Review required"
"imagess/Malasugui_Gallery (8).JPG","Not observed in sampled initial DOM","image/jpeg","5184x3456","4499320","Not observed","Not established","Not established","Not established","Static / uploader not established for this file","No matching local DB path found","imagess/destination-thumbs/Malasugui_Gallery (8).jpg","Not established for this file","No OG/twitter image reference found on sampled public pages","No alpha in JPEG","Not established","Deferred; individual context/quality review required","Not established","Review required"
"imagess/Malasugui_Gallery (9).JPG","Not observed in sampled initial DOM","image/jpeg","5184x3456","5445866","Not observed","Not established","Not established","Not established","Static / uploader not established for this file","No matching local DB path found","imagess/destination-thumbs/Malasugui_Gallery (9).jpg","Not established for this file","No OG/twitter image reference found on sampled public pages","No alpha in JPEG","Not established","Deferred; individual context/quality review required","Not established","Review required"
"imagess/Malasugui_header-img.png","Not observed in sampled initial DOM","image/png","1366x502","753217","Not observed","Not established","Not established","Not established","Static / uploader not established for this file","No matching local DB path found","imagess/destination-thumbs/Malasugui_header-img.jpg","Not established for this file","No OG/twitter image reference found on sampled public pages","Potential alpha; do not discard without inspection","Not established","Deferred; individual context/quality review required","Not established","Review required"
"imagess/Quinapaguian.jpg","homepage (audit1); homepage (desktop); homepage (mobile)","image/jpeg","1200x675","153251","217x229; 297x313","No in sampled initial requests","below fold","No","Static / uploader not established for this file","No matching local DB path found","None found by sibling/thumbnail convention","Not established for this file","No OG/twitter image reference found on sampled public pages","No alpha in JPEG","Not established","Deferred; individual context/quality review required","Not established","Review required"
"imagess/Quinapaguian_1.jpg","Not observed in sampled initial DOM","image/jpeg","800x531","49055","Not observed","Not established","Not established","Not established","Static / uploader not established for this file","No matching local DB path found","None found by sibling/thumbnail convention","Not established for this file","No OG/twitter image reference found on sampled public pages","No alpha in JPEG","Not established","Deferred; individual context/quality review required","Not established","Review required"
"imagess/Quinapaguian_2.jpg","Not observed in sampled initial DOM","image/jpeg","900x520","79056","Not observed","Not established","Not established","Not established","Static / uploader not established for this file","No matching local DB path found","None found by sibling/thumbnail convention","Not established for this file","No OG/twitter image reference found on sampled public pages","No alpha in JPEG","Not established","Deferred; individual context/quality review required","Not established","Review required"
"imagess/Quinapaguian_3.jpg","Not observed in sampled initial DOM","image/jpeg","700x467","37097","Not observed","Not established","Not established","Not established","Static / uploader not established for this file","No matching local DB path found","None found by sibling/thumbnail convention","Not established for this file","No OG/twitter image reference found on sampled public pages","No alpha in JPEG","Not established","Deferred; individual context/quality review required","Not established","Review required"
"imagess/Quinapaguian_Gallery (1).JPG","Not observed in sampled initial DOM","image/jpeg","5184x3456","5269133","Not observed","Not established","Not established","Not established","Current destination uploader: 40 MiB; 1600 card / 2400 hero / 1920 gallery; native format; legacy sources may predate optimizer","destination_gallery.image_path","imagess/destination-thumbs/Quinapaguian_Gallery (1).jpg","Yes / available through content viewers (family-level source audit)","No OG/twitter image reference found on sampled public pages","No alpha in JPEG","Stored high-resolution/current image may be used by viewer","Deferred; individual context/quality review required","Not established","Review required"
"imagess/Quinapaguian_Gallery (10).JPG","Not observed in sampled initial DOM","image/jpeg","5184x3456","5296105","Not observed","Not established","Not established","Not established","Static / uploader not established for this file","No matching local DB path found","imagess/destination-thumbs/Quinapaguian_Gallery (10).jpg","Not established for this file","No OG/twitter image reference found on sampled public pages","No alpha in JPEG","Not established","Deferred; individual context/quality review required","Not established","Review required"
"imagess/Quinapaguian_Gallery (11).JPG","Not observed in sampled initial DOM","image/jpeg","5184x3456","4702913","Not observed","Not established","Not established","Not established","Static / uploader not established for this file","No matching local DB path found","None found by sibling/thumbnail convention","Not established for this file","No OG/twitter image reference found on sampled public pages","No alpha in JPEG","Not established","Deferred; individual context/quality review required","Not established","Review required"
"imagess/Quinapaguian_Gallery (12).JPG","Not observed in sampled initial DOM","image/jpeg","5184x3456","4865932","Not observed","Not established","Not established","Not established","Static / uploader not established for this file","No matching local DB path found","None found by sibling/thumbnail convention","Not established for this file","No OG/twitter image reference found on sampled public pages","No alpha in JPEG","Not established","Deferred; individual context/quality review required","Not established","Review required"
"imagess/Quinapaguian_Gallery (2).JPG","Not observed in sampled initial DOM","image/jpeg","5184x3456","5390378","Not observed","Not established","Not established","Not established","Current destination uploader: 40 MiB; 1600 card / 2400 hero / 1920 gallery; native format; legacy sources may predate optimizer","destination_gallery.image_path","imagess/destination-thumbs/Quinapaguian_Gallery (2).jpg","Yes / available through content viewers (family-level source audit)","No OG/twitter image reference found on sampled public pages","No alpha in JPEG","Stored high-resolution/current image may be used by viewer","Deferred; individual context/quality review required","Not established","Review required"
"imagess/Quinapaguian_Gallery (3).JPG","Not observed in sampled initial DOM","image/jpeg","5184x3456","5114862","Not observed","Not established","Not established","Not established","Current destination uploader: 40 MiB; 1600 card / 2400 hero / 1920 gallery; native format; legacy sources may predate optimizer","destination_gallery.image_path","imagess/destination-thumbs/Quinapaguian_Gallery (3).jpg","Yes / available through content viewers (family-level source audit)","No OG/twitter image reference found on sampled public pages","No alpha in JPEG","Stored high-resolution/current image may be used by viewer","Deferred; individual context/quality review required","Not established","Review required"
"imagess/Quinapaguian_Gallery (4).JPG","Not observed in sampled initial DOM","image/jpeg","5184x3456","4987186","Not observed","Not established","Not established","Not established","Static / uploader not established for this file","No matching local DB path found","imagess/destination-thumbs/Quinapaguian_Gallery (4).jpg","Not established for this file","No OG/twitter image reference found on sampled public pages","No alpha in JPEG","Not established","Deferred; individual context/quality review required","Not established","Review required"
"imagess/Quinapaguian_Gallery (5).JPG","Not observed in sampled initial DOM","image/jpeg","5184x3456","4852110","Not observed","Not established","Not established","Not established","Static / uploader not established for this file","No matching local DB path found","imagess/destination-thumbs/Quinapaguian_Gallery (5).jpg","Not established for this file","No OG/twitter image reference found on sampled public pages","No alpha in JPEG","Not established","Deferred; individual context/quality review required","Not established","Review required"
"imagess/Quinapaguian_Gallery (6).JPG","Not observed in sampled initial DOM","image/jpeg","5184x3456","4835674","Not observed","Not established","Not established","Not established","Static / uploader not established for this file","No matching local DB path found","imagess/destination-thumbs/Quinapaguian_Gallery (6).jpg","Not established for this file","No OG/twitter image reference found on sampled public pages","No alpha in JPEG","Not established","Deferred; individual context/quality review required","Not established","Review required"
"imagess/Quinapaguian_Gallery (7).JPG","Not observed in sampled initial DOM","image/jpeg","5184x3456","4785288","Not observed","Not established","Not established","Not established","Static / uploader not established for this file","No matching local DB path found","imagess/destination-thumbs/Quinapaguian_Gallery (7).jpg","Not established for this file","No OG/twitter image reference found on sampled public pages","No alpha in JPEG","Not established","Deferred; individual context/quality review required","Not established","Review required"
"imagess/Quinapaguian_Gallery (8).JPG","Not observed in sampled initial DOM","image/jpeg","5184x3456","4966231","Not observed","Not established","Not established","Not established","Static / uploader not established for this file","No matching local DB path found","imagess/destination-thumbs/Quinapaguian_Gallery (8).jpg","Not established for this file","No OG/twitter image reference found on sampled public pages","No alpha in JPEG","Not established","Deferred; individual context/quality review required","Not established","Review required"
"imagess/Quinapaguian_Gallery (9).JPG","Not observed in sampled initial DOM","image/jpeg","5184x3456","5044662","Not observed","Not established","Not established","Not established","Static / uploader not established for this file","No matching local DB path found","imagess/destination-thumbs/Quinapaguian_Gallery (9).jpg","Not established for this file","No OG/twitter image reference found on sampled public pages","No alpha in JPEG","Not established","Deferred; individual context/quality review required","Not established","Review required"
"imagess/Quinapaguian_header-img.png","Not observed in sampled initial DOM","image/png","1366x500","708356","Not observed","Not established","Not established","Not established","Static / uploader not established for this file","No matching local DB path found","imagess/destination-thumbs/Quinapaguian_header-img.jpg","Not established for this file","No OG/twitter image reference found on sampled public pages","Potential alpha; do not discard without inspection","Not established","Deferred; individual context/quality review required","Not established","Review required"
"uploads/about_1761962253_3860.jpg","Not observed in sampled initial DOM","image/jpeg","640x960","49666","Not observed","Not established","Not established","Not established","Static / uploader not established for this file","No matching local DB path found","None found by sibling/thumbnail convention","Not established for this file","No OG/twitter image reference found on sampled public pages","No alpha in JPEG","Not established","Deferred; individual context/quality review required","Not established","Review required"
"uploads/about_1762134203_7385.jpg","Not observed in sampled initial DOM","image/jpeg","270x180","17004","Not observed","Not established","Not established","Not established","Static / uploader not established for this file","No matching local DB path found","None found by sibling/thumbnail convention","Not established for this file","No OG/twitter image reference found on sampled public pages","No alpha in JPEG","Not established","Deferred; individual context/quality review required","Not established","Review required"
"uploads/about_1764563503_6752.png","Not observed in sampled initial DOM","image/png","300x200","121077","Not observed","Not established","Not established","Not established","Static / uploader not established for this file","No matching local DB path found","None found by sibling/thumbnail convention","Not established for this file","No OG/twitter image reference found on sampled public pages","Potential alpha; do not discard without inspection","Not established","Deferred; individual context/quality review required","Not established","Review required"
"uploads/about_1764568446_2392.png","Not observed in sampled initial DOM","image/png","300x200","133015","Not observed","Not established","Not established","Not established","Static / uploader not established for this file","No matching local DB path found","None found by sibling/thumbnail convention","Not established for this file","No OG/twitter image reference found on sampled public pages","Potential alpha; do not discard without inspection","Not established","Deferred; individual context/quality review required","Not established","Review required"
"uploads/about_1778422168_7072.png","Not observed in sampled initial DOM","image/png","300x200","183815","Not observed","Not established","Not established","Not established","Static / uploader not established for this file","No matching local DB path found","None found by sibling/thumbnail convention","Not established for this file","No OG/twitter image reference found on sampled public pages","Potential alpha; do not discard without inspection","Not established","Deferred; individual context/quality review required","Not established","Review required"
"uploads/about_1778422224_7537.png","Not observed in sampled initial DOM","image/png","300x200","136580","Not observed","Not established","Not established","Not established","Static / uploader not established for this file","No matching local DB path found","None found by sibling/thumbnail convention","Not established for this file","No OG/twitter image reference found on sampled public pages","Potential alpha; do not discard without inspection","Not established","Deferred; individual context/quality review required","Not established","Review required"
"uploads/about_1778422298_4560.png","about (audit2)","image/png","300x200","142906","288x318","Yes in at least one sampled viewport","below fold","No","Static / uploader not established for this file","about_gallery.image_path","None found by sibling/thumbnail convention","Not established for this file","No OG/twitter image reference found on sampled public pages","Potential alpha; do not discard without inspection","Not established","Deferred; individual context/quality review required","Not established","Review required"
"uploads/about_1778422363_9853.png","about (audit2)","image/png","300x200","137933","288x318","Yes in at least one sampled viewport","below fold","No","Static / uploader not established for this file","about_gallery.image_path","None found by sibling/thumbnail convention","Not established for this file","No OG/twitter image reference found on sampled public pages","Potential alpha; do not discard without inspection","Not established","Deferred; individual context/quality review required","Not established","Review required"
"uploads/about_1778422409_7996.png","Not observed in sampled initial DOM","image/png","300x200","173432","Not observed","Not established","Not established","Not established","Static / uploader not established for this file","No matching local DB path found","None found by sibling/thumbnail convention","Not established for this file","No OG/twitter image reference found on sampled public pages","Potential alpha; do not discard without inspection","Not established","Deferred; individual context/quality review required","Not established","Review required"
"uploads/about_1778422497_6405.png","Not observed in sampled initial DOM","image/png","300x200","126251","Not observed","Not established","Not established","Not established","Static / uploader not established for this file","No matching local DB path found","None found by sibling/thumbnail convention","Not established for this file","No OG/twitter image reference found on sampled public pages","Potential alpha; do not discard without inspection","Not established","Deferred; individual context/quality review required","Not established","Review required"
"uploads/about_45d4a8de1d0d05cf1a22c3d51bbbb23e.jpg","about (audit2)","image/jpeg","1919x1279","566044","288x318","Yes in at least one sampled viewport","below fold","No","Static / uploader not established for this file","about_gallery.image_path","None found by sibling/thumbnail convention","Not established for this file","No OG/twitter image reference found on sampled public pages","No alpha in JPEG","Not established","Deferred; individual context/quality review required","Not established","Review required"
"uploads/about_973f2a498b3187c0a04db770c5fd8c34.jpg","about (audit2)","image/jpeg","1919x1279","175870","288x318","Yes in at least one sampled viewport","below fold","No","Static / uploader not established for this file","about_gallery.image_path","None found by sibling/thumbnail convention","Not established for this file","No OG/twitter image reference found on sampled public pages","No alpha in JPEG","Not established","Deferred; individual context/quality review required","Not established","Review required"
"uploads/about_c94f426cfbfd324a61c98f4b31165bf5.jpg","about (audit2)","image/jpeg","1706x1137","453519","288x318","Yes in at least one sampled viewport","below fold","No","Static / uploader not established for this file","about_gallery.image_path","None found by sibling/thumbnail convention","Not established for this file","No OG/twitter image reference found on sampled public pages","No alpha in JPEG","Not established","Deferred; individual context/quality review required","Not established","Review required"
"uploads/boat12_img1.optimized.webp","Not observed in sampled initial DOM","image/webp","1400x788","114758","Not observed","Not established","Not established","Not established","Existing service derivative: width <=1400, WebP76; original retained","No matching local DB path found","None found by sibling/thumbnail convention","Not established for this file","No OG/twitter image reference found on sampled public pages","Potential alpha; do not discard without inspection","Not established","Retain existing behavior","0","Do not recompress"
"uploads/boat12_img1.png","Not observed in sampled initial DOM","image/png","5184x2916","29552829","Not observed","Not established","Not established","Not established","Static / uploader not established for this file","No matching local DB path found","""uploads/boat12_img1.optimized.webp""","Not established for this file","No OG/twitter image reference found on sampled public pages","Potential alpha; do not discard without inspection","Not established","Deferred; individual context/quality review required","Not established","Review required"
"uploads/boat1_img1.optimized.webp","Not observed in sampled initial DOM","image/webp","1080x607","40596","Not observed","Not established","Not established","Not established","Existing service derivative: width <=1400, WebP76; original retained","No matching local DB path found","None found by sibling/thumbnail convention","Not established for this file","No OG/twitter image reference found on sampled public pages","Potential alpha; do not discard without inspection","Not established","Retain existing behavior","0","Do not recompress"
"uploads/boat1_img1.png","Not observed in sampled initial DOM","image/png","1080x607","952645","Not observed","Not established","Not established","Not established","Static / uploader not established for this file","No matching local DB path found","""uploads/boat1_img1.optimized.webp""","Not established for this file","No OG/twitter image reference found on sampled public pages","Potential alpha; do not discard without inspection","Not established","Deferred; individual context/quality review required","Not established","Review required"
"uploads/boat1_img2.optimized.webp","Not observed in sampled initial DOM","image/webp","310x163","4858","Not observed","Not established","Not established","Not established","Existing service derivative: width <=1400, WebP76; original retained","No matching local DB path found","None found by sibling/thumbnail convention","Not established for this file","No OG/twitter image reference found on sampled public pages","Potential alpha; do not discard without inspection","Not established","Retain existing behavior","0","Do not recompress"
"uploads/boat1_img2.png","Not observed in sampled initial DOM","image/png","310x163","93689","Not observed","Not established","Not established","Not established","Static / uploader not established for this file","No matching local DB path found","""uploads/boat1_img2.optimized.webp""","Not established for this file","No OG/twitter image reference found on sampled public pages","Potential alpha; do not discard without inspection","Not established","Deferred; individual context/quality review required","Not established","Review required"
"uploads/boat1_img3.optimized.webp","Not observed in sampled initial DOM","image/webp","1280x720","72458","Not observed","Not established","Not established","Not established","Existing service derivative: width <=1400, WebP76; original retained","No matching local DB path found","None found by sibling/thumbnail convention","Not established for this file","No OG/twitter image reference found on sampled public pages","Potential alpha; do not discard without inspection","Not established","Retain existing behavior","0","Do not recompress"
"uploads/boat1_img3.png","Not observed in sampled initial DOM","image/png","1280x720","1947098","Not observed","Not established","Not established","Not established","Static / uploader not established for this file","No matching local DB path found","""uploads/boat1_img3.optimized.webp""","Not established for this file","No OG/twitter image reference found on sampled public pages","Potential alpha; do not discard without inspection","Not established","Deferred; individual context/quality review required","Not established","Review required"
"uploads/boat1_img4.optimized.webp","Not observed in sampled initial DOM","image/webp","1080x607","40596","Not observed","Not established","Not established","Not established","Existing service derivative: width <=1400, WebP76; original retained","No matching local DB path found","None found by sibling/thumbnail convention","Not established for this file","No OG/twitter image reference found on sampled public pages","Potential alpha; do not discard without inspection","Not established","Retain existing behavior","0","Do not recompress"
"uploads/boat1_img4.png","Not observed in sampled initial DOM","image/png","1080x607","952645","Not observed","Not established","Not established","Not established","Static / uploader not established for this file","No matching local DB path found","""uploads/boat1_img4.optimized.webp""","Not established for this file","No OG/twitter image reference found on sampled public pages","Potential alpha; do not discard without inspection","Not established","Deferred; individual context/quality review required","Not established","Review required"
"uploads/boat_11_img1.optimized.webp","packages (audit1); guides (audit1); boats (audit2); hotels (audit2); boat-details (audit3)","image/webp","1400x788","138100","229x180; 232x140","Yes in at least one sampled viewport","below fold; above fold","No","Existing service derivative: width <=1400, WebP76; original retained","No matching local DB path found","None found by sibling/thumbnail convention","Not established for this file","No OG/twitter image reference found on sampled public pages","Potential alpha; do not discard without inspection","Not established","Retain existing behavior","0","Do not recompress"
"uploads/boat_11_img1.png","Not observed in sampled initial DOM","image/png","5184x2916","31346288","Not observed","Not established","Not established","Not established","Current boat uploader: 40 MiB / 1920; existing search JPEG thumbnail","boats.image1","""uploads/boat_11_img1.optimized.webp""","Yes / available through content viewers (family-level source audit)","No OG/twitter image reference found on sampled public pages","Potential alpha; do not discard without inspection","Stored high-resolution/current image may be used by viewer","Deferred; individual context/quality review required","Not established","Review required"
"uploads/boat_11_img2.optimized.webp","Not observed in sampled initial DOM","image/webp","1400x788","55116","Not observed","Not established","Not established","Not established","Existing service derivative: width <=1400, WebP76; original retained","No matching local DB path found","None found by sibling/thumbnail convention","Not established for this file","No OG/twitter image reference found on sampled public pages","Potential alpha; do not discard without inspection","Not established","Retain existing behavior","0","Do not recompress"
"uploads/boat_11_img2.png","Not observed in sampled initial DOM","image/png","5184x2916","23303049","Not observed","Not established","Not established","Not established","Current boat uploader: 40 MiB / 1920; existing search JPEG thumbnail","boats.image2","""uploads/boat_11_img2.optimized.webp""","Yes / available through content viewers (family-level source audit)","No OG/twitter image reference found on sampled public pages","Potential alpha; do not discard without inspection","Stored high-resolution/current image may be used by viewer","Deferred; individual context/quality review required","Not established","Review required"
"uploads/boat_11_img3.optimized.webp","Not observed in sampled initial DOM","image/webp","1400x788","62956","Not observed","Not established","Not established","Not established","Existing service derivative: width <=1400, WebP76; original retained","No matching local DB path found","None found by sibling/thumbnail convention","Not established for this file","No OG/twitter image reference found on sampled public pages","Potential alpha; do not discard without inspection","Not established","Retain existing behavior","0","Do not recompress"
"uploads/boat_11_img3.png","Not observed in sampled initial DOM","image/png","5184x2916","23698904","Not observed","Not established","Not established","Not established","Current boat uploader: 40 MiB / 1920; existing search JPEG thumbnail","boats.image3","""uploads/boat_11_img3.optimized.webp""","Yes / available through content viewers (family-level source audit)","No OG/twitter image reference found on sampled public pages","Potential alpha; do not discard without inspection","Stored high-resolution/current image may be used by viewer","Deferred; individual context/quality review required","Not established","Review required"
"uploads/boat_11_img4.optimized.webp","Not observed in sampled initial DOM","image/webp","1400x788","114580","Not observed","Not established","Not established","Not established","Existing service derivative: width <=1400, WebP76; original retained","No matching local DB path found","None found by sibling/thumbnail convention","Not established for this file","No OG/twitter image reference found on sampled public pages","Potential alpha; do not discard without inspection","Not established","Retain existing behavior","0","Do not recompress"
"uploads/boat_11_img4.png","Not observed in sampled initial DOM","image/png","5184x2916","29807951","Not observed","Not established","Not established","Not established","Current boat uploader: 40 MiB / 1920; existing search JPEG thumbnail","boats.image4","""uploads/boat_11_img4.optimized.webp""","Yes / available through content viewers (family-level source audit)","No OG/twitter image reference found on sampled public pages","Potential alpha; do not discard without inspection","Stored high-resolution/current image may be used by viewer","Deferred; individual context/quality review required","Not established","Review required"
"uploads/boat_11_img5.optimized.webp","Not observed in sampled initial DOM","image/webp","1400x788","134456","Not observed","Not established","Not established","Not established","Existing service derivative: width <=1400, WebP76; original retained","No matching local DB path found","None found by sibling/thumbnail convention","Not established for this file","No OG/twitter image reference found on sampled public pages","Potential alpha; do not discard without inspection","Not established","Retain existing behavior","0","Do not recompress"
"uploads/boat_11_img5.png","Not observed in sampled initial DOM","image/png","5184x2916","30964026","Not observed","Not established","Not established","Not established","Current boat uploader: 40 MiB / 1920; existing search JPEG thumbnail","boats.image5","""uploads/boat_11_img5.optimized.webp""","Yes / available through content viewers (family-level source audit)","No OG/twitter image reference found on sampled public pages","Potential alpha; do not discard without inspection","Stored high-resolution/current image may be used by viewer","Deferred; individual context/quality review required","Not established","Review required"
"uploads/boat_12_img1.optimized.webp","packages (audit1); guides (audit1); boats (audit2); hotels (audit2); boat-details (audit3)","image/webp","1400x788","114758","229x180; 232x140","Yes in at least one sampled viewport","below fold","No","Existing service derivative: width <=1400, WebP76; original retained","No matching local DB path found","None found by sibling/thumbnail convention","Not established for this file","No OG/twitter image reference found on sampled public pages","Potential alpha; do not discard without inspection","Not established","Retain existing behavior","0","Do not recompress"
"uploads/boat_12_img1.png","Not observed in sampled initial DOM","image/png","5184x2916","29552829","Not observed","Not established","Not established","Not established","Current boat uploader: 40 MiB / 1920; existing search JPEG thumbnail","boats.image1","""uploads/boat_12_img1.optimized.webp""","Yes / available through content viewers (family-level source audit)","No OG/twitter image reference found on sampled public pages","Potential alpha; do not discard without inspection","Stored high-resolution/current image may be used by viewer","Deferred; individual context/quality review required","Not established","Review required"
"uploads/boat_12_img1_1778261940.optimized.webp","Not observed in sampled initial DOM","image/webp","1400x788","114758","Not observed","Not established","Not established","Not established","Existing service derivative: width <=1400, WebP76; original retained","No matching local DB path found","None found by sibling/thumbnail convention","Not established for this file","No OG/twitter image reference found on sampled public pages","Potential alpha; do not discard without inspection","Not established","Retain existing behavior","0","Do not recompress"
"uploads/boat_12_img1_1778261940.png","Not observed in sampled initial DOM","image/png","5184x2916","29552829","Not observed","Not established","Not established","Not established","Current boat uploader: 40 MiB / 1920; existing search JPEG thumbnail","No matching local DB path found","""uploads/boat_12_img1_1778261940.optimized.webp""","Not established for this file","No OG/twitter image reference found on sampled public pages","Potential alpha; do not discard without inspection","Not established","Deferred; individual context/quality review required","Not established","Review required"
"uploads/boat_12_img1_1778261965.optimized.webp","Not observed in sampled initial DOM","image/webp","1400x788","114758","Not observed","Not established","Not established","Not established","Existing service derivative: width <=1400, WebP76; original retained","No matching local DB path found","None found by sibling/thumbnail convention","Not established for this file","No OG/twitter image reference found on sampled public pages","Potential alpha; do not discard without inspection","Not established","Retain existing behavior","0","Do not recompress"
"uploads/boat_12_img1_1778261965.png","Not observed in sampled initial DOM","image/png","5184x2916","29552829","Not observed","Not established","Not established","Not established","Current boat uploader: 40 MiB / 1920; existing search JPEG thumbnail","No matching local DB path found","""uploads/boat_12_img1_1778261965.optimized.webp""","Not established for this file","No OG/twitter image reference found on sampled public pages","Potential alpha; do not discard without inspection","Not established","Deferred; individual context/quality review required","Not established","Review required"
"uploads/boat_12_img1_1778262400.optimized.webp","Not observed in sampled initial DOM","image/webp","1400x788","114758","Not observed","Not established","Not established","Not established","Existing service derivative: width <=1400, WebP76; original retained","No matching local DB path found","None found by sibling/thumbnail convention","Not established for this file","No OG/twitter image reference found on sampled public pages","Potential alpha; do not discard without inspection","Not established","Retain existing behavior","0","Do not recompress"
"uploads/boat_12_img1_1778262400.png","Not observed in sampled initial DOM","image/png","5184x2916","29552829","Not observed","Not established","Not established","Not established","Current boat uploader: 40 MiB / 1920; existing search JPEG thumbnail","No matching local DB path found","""uploads/boat_12_img1_1778262400.optimized.webp""","Not established for this file","No OG/twitter image reference found on sampled public pages","Potential alpha; do not discard without inspection","Not established","Deferred; individual context/quality review required","Not established","Review required"
"uploads/boat_12_img1_1778262402.optimized.webp","Not observed in sampled initial DOM","image/webp","1400x788","114758","Not observed","Not established","Not established","Not established","Existing service derivative: width <=1400, WebP76; original retained","No matching local DB path found","None found by sibling/thumbnail convention","Not established for this file","No OG/twitter image reference found on sampled public pages","Potential alpha; do not discard without inspection","Not established","Retain existing behavior","0","Do not recompress"
"uploads/boat_12_img1_1778262402.png","Not observed in sampled initial DOM","image/png","5184x2916","29552829","Not observed","Not established","Not established","Not established","Current boat uploader: 40 MiB / 1920; existing search JPEG thumbnail","No matching local DB path found","""uploads/boat_12_img1_1778262402.optimized.webp""","Not established for this file","No OG/twitter image reference found on sampled public pages","Potential alpha; do not discard without inspection","Not established","Deferred; individual context/quality review required","Not established","Review required"
"uploads/boat_12_img1_1778262409.optimized.webp","Not observed in sampled initial DOM","image/webp","1400x788","114758","Not observed","Not established","Not established","Not established","Existing service derivative: width <=1400, WebP76; original retained","No matching local DB path found","None found by sibling/thumbnail convention","Not established for this file","No OG/twitter image reference found on sampled public pages","Potential alpha; do not discard without inspection","Not established","Retain existing behavior","0","Do not recompress"
"uploads/boat_12_img1_1778262409.png","Not observed in sampled initial DOM","image/png","5184x2916","29552829","Not observed","Not established","Not established","Not established","Current boat uploader: 40 MiB / 1920; existing search JPEG thumbnail","No matching local DB path found","""uploads/boat_12_img1_1778262409.optimized.webp""","Not established for this file","No OG/twitter image reference found on sampled public pages","Potential alpha; do not discard without inspection","Not established","Deferred; individual context/quality review required","Not established","Review required"
"uploads/boat_12_img2.optimized.webp","Not observed in sampled initial DOM","image/webp","1400x788","96256","Not observed","Not established","Not established","Not established","Existing service derivative: width <=1400, WebP76; original retained","No matching local DB path found","None found by sibling/thumbnail convention","Not established for this file","No OG/twitter image reference found on sampled public pages","Potential alpha; do not discard without inspection","Not established","Retain existing behavior","0","Do not recompress"
"uploads/boat_12_img2.png","Not observed in sampled initial DOM","image/png","5184x2916","27908680","Not observed","Not established","Not established","Not established","Current boat uploader: 40 MiB / 1920; existing search JPEG thumbnail","boats.image2","""uploads/boat_12_img2.optimized.webp""","Yes / available through content viewers (family-level source audit)","No OG/twitter image reference found on sampled public pages","Potential alpha; do not discard without inspection","Stored high-resolution/current image may be used by viewer","Deferred; individual context/quality review required","Not established","Review required"
"uploads/boat_12_img3.optimized.webp","Not observed in sampled initial DOM","image/webp","1400x788","99122","Not observed","Not established","Not established","Not established","Existing service derivative: width <=1400, WebP76; original retained","No matching local DB path found","None found by sibling/thumbnail convention","Not established for this file","No OG/twitter image reference found on sampled public pages","Potential alpha; do not discard without inspection","Not established","Retain existing behavior","0","Do not recompress"
"uploads/boat_12_img3.png","Not observed in sampled initial DOM","image/png","5184x2916","27766693","Not observed","Not established","Not established","Not established","Current boat uploader: 40 MiB / 1920; existing search JPEG thumbnail","boats.image3","""uploads/boat_12_img3.optimized.webp""","Yes / available through content viewers (family-level source audit)","No OG/twitter image reference found on sampled public pages","Potential alpha; do not discard without inspection","Stored high-resolution/current image may be used by viewer","Deferred; individual context/quality review required","Not established","Review required"
"uploads/boat_12_img4.optimized.webp","Not observed in sampled initial DOM","image/webp","1400x788","96256","Not observed","Not established","Not established","Not established","Existing service derivative: width <=1400, WebP76; original retained","No matching local DB path found","None found by sibling/thumbnail convention","Not established for this file","No OG/twitter image reference found on sampled public pages","Potential alpha; do not discard without inspection","Not established","Retain existing behavior","0","Do not recompress"
"uploads/boat_12_img4.png","Not observed in sampled initial DOM","image/png","5184x2916","27908680","Not observed","Not established","Not established","Not established","Current boat uploader: 40 MiB / 1920; existing search JPEG thumbnail","boats.image4","""uploads/boat_12_img4.optimized.webp""","Yes / available through content viewers (family-level source audit)","No OG/twitter image reference found on sampled public pages","Potential alpha; do not discard without inspection","Stored high-resolution/current image may be used by viewer","Deferred; individual context/quality review required","Not established","Review required"
"uploads/boat_12_img5.optimized.webp","Not observed in sampled initial DOM","image/webp","1400x788","114758","Not observed","Not established","Not established","Not established","Existing service derivative: width <=1400, WebP76; original retained","No matching local DB path found","None found by sibling/thumbnail convention","Not established for this file","No OG/twitter image reference found on sampled public pages","Potential alpha; do not discard without inspection","Not established","Retain existing behavior","0","Do not recompress"
"uploads/boat_12_img5.png","Not observed in sampled initial DOM","image/png","5184x2916","29552829","Not observed","Not established","Not established","Not established","Current boat uploader: 40 MiB / 1920; existing search JPEG thumbnail","boats.image5","""uploads/boat_12_img5.optimized.webp""","Yes / available through content viewers (family-level source audit)","No OG/twitter image reference found on sampled public pages","Potential alpha; do not discard without inspection","Stored high-resolution/current image may be used by viewer","Deferred; individual context/quality review required","Not established","Review required"
"uploads/boat_13_img1.optimized.webp","packages (audit1); guides (audit1); boats (audit2); hotels (audit2); boat-details (audit3)","image/webp","1400x788","122484","229x180; 232x140","Yes in at least one sampled viewport","below fold","No","Existing service derivative: width <=1400, WebP76; original retained","No matching local DB path found","None found by sibling/thumbnail convention","Not established for this file","No OG/twitter image reference found on sampled public pages","Potential alpha; do not discard without inspection","Not established","Retain existing behavior","0","Do not recompress"
"uploads/boat_13_img1.png","Not observed in sampled initial DOM","image/png","5184x2916","30179248","Not observed","Not established","Not established","Not established","Current boat uploader: 40 MiB / 1920; existing search JPEG thumbnail","boats.image1","""uploads/boat_13_img1.optimized.webp""","Yes / available through content viewers (family-level source audit)","No OG/twitter image reference found on sampled public pages","Potential alpha; do not discard without inspection","Stored high-resolution/current image may be used by viewer","Deferred; individual context/quality review required","Not established","Review required"
"uploads/boat_13_img2.optimized.webp","Not observed in sampled initial DOM","image/webp","1400x788","122484","Not observed","Not established","Not established","Not established","Existing service derivative: width <=1400, WebP76; original retained","No matching local DB path found","None found by sibling/thumbnail convention","Not established for this file","No OG/twitter image reference found on sampled public pages","Potential alpha; do not discard without inspection","Not established","Retain existing behavior","0","Do not recompress"
"uploads/boat_13_img2.png","Not observed in sampled initial DOM","image/png","5184x2916","30179248","Not observed","Not established","Not established","Not established","Current boat uploader: 40 MiB / 1920; existing search JPEG thumbnail","boats.image2","""uploads/boat_13_img2.optimized.webp""","Yes / available through content viewers (family-level source audit)","No OG/twitter image reference found on sampled public pages","Potential alpha; do not discard without inspection","Stored high-resolution/current image may be used by viewer","Deferred; individual context/quality review required","Not established","Review required"
"uploads/boat_13_img3.optimized.webp","Not observed in sampled initial DOM","image/webp","1400x788","125908","Not observed","Not established","Not established","Not established","Existing service derivative: width <=1400, WebP76; original retained","No matching local DB path found","None found by sibling/thumbnail convention","Not established for this file","No OG/twitter image reference found on sampled public pages","Potential alpha; do not discard without inspection","Not established","Retain existing behavior","0","Do not recompress"
"uploads/boat_13_img3.png","Not observed in sampled initial DOM","image/png","5184x2916","29836295","Not observed","Not established","Not established","Not established","Current boat uploader: 40 MiB / 1920; existing search JPEG thumbnail","boats.image3","""uploads/boat_13_img3.optimized.webp""","Yes / available through content viewers (family-level source audit)","No OG/twitter image reference found on sampled public pages","Potential alpha; do not discard without inspection","Stored high-resolution/current image may be used by viewer","Deferred; individual context/quality review required","Not established","Review required"
"uploads/boat_13_img4.optimized.webp","Not observed in sampled initial DOM","image/webp","1400x788","98218","Not observed","Not established","Not established","Not established","Existing service derivative: width <=1400, WebP76; original retained","No matching local DB path found","None found by sibling/thumbnail convention","Not established for this file","No OG/twitter image reference found on sampled public pages","Potential alpha; do not discard without inspection","Not established","Retain existing behavior","0","Do not recompress"
"uploads/boat_13_img4.png","Not observed in sampled initial DOM","image/png","5184x2916","27581846","Not observed","Not established","Not established","Not established","Current boat uploader: 40 MiB / 1920; existing search JPEG thumbnail","boats.image4","""uploads/boat_13_img4.optimized.webp""","Yes / available through content viewers (family-level source audit)","No OG/twitter image reference found on sampled public pages","Potential alpha; do not discard without inspection","Stored high-resolution/current image may be used by viewer","Deferred; individual context/quality review required","Not established","Review required"
"uploads/boat_13_img5.optimized.webp","Not observed in sampled initial DOM","image/webp","1400x788","78290","Not observed","Not established","Not established","Not established","Existing service derivative: width <=1400, WebP76; original retained","No matching local DB path found","None found by sibling/thumbnail convention","Not established for this file","No OG/twitter image reference found on sampled public pages","Potential alpha; do not discard without inspection","Not established","Retain existing behavior","0","Do not recompress"
"uploads/boat_13_img5.png","Not observed in sampled initial DOM","image/png","5184x2916","26124884","Not observed","Not established","Not established","Not established","Current boat uploader: 40 MiB / 1920; existing search JPEG thumbnail","boats.image5","""uploads/boat_13_img5.optimized.webp""","Yes / available through content viewers (family-level source audit)","No OG/twitter image reference found on sampled public pages","Potential alpha; do not discard without inspection","Stored high-resolution/current image may be used by viewer","Deferred; individual context/quality review required","Not established","Review required"
"uploads/boat_14_img1.optimized.webp","packages (audit1); guides (audit1); boats (audit2); hotels (audit2); boat-details (audit3)","image/webp","1400x788","88048","229x180; 232x140","Yes in at least one sampled viewport","below fold","No","Existing service derivative: width <=1400, WebP76; original retained","No matching local DB path found","None found by sibling/thumbnail convention","Not established for this file","No OG/twitter image reference found on sampled public pages","Potential alpha; do not discard without inspection","Not established","Retain existing behavior","0","Do not recompress"
"uploads/boat_14_img1.png","Not observed in sampled initial DOM","image/png","5184x2916","27768620","Not observed","Not established","Not established","Not established","Current boat uploader: 40 MiB / 1920; existing search JPEG thumbnail","boats.image1","""uploads/boat_14_img1.optimized.webp""","Yes / available through content viewers (family-level source audit)","No OG/twitter image reference found on sampled public pages","Potential alpha; do not discard without inspection","Stored high-resolution/current image may be used by viewer","Deferred; individual context/quality review required","Not established","Review required"
"uploads/boat_14_img1_d76ea83dd6f4e315.jpg","Not observed in sampled initial DOM","image/jpeg","1619x910","328104","Not observed","Not established","Not established","Not established","Current boat uploader: 40 MiB / 1920; existing search JPEG thumbnail","No matching local DB path found","None found by sibling/thumbnail convention","Not established for this file","No OG/twitter image reference found on sampled public pages","No alpha in JPEG","Not established","Deferred; individual context/quality review required","Not established","Review required"
"uploads/boat_14_img2.optimized.webp","Not observed in sampled initial DOM","image/webp","1400x788","134722","Not observed","Not established","Not established","Not established","Existing service derivative: width <=1400, WebP76; original retained","No matching local DB path found","None found by sibling/thumbnail convention","Not established for this file","No OG/twitter image reference found on sampled public pages","Potential alpha; do not discard without inspection","Not established","Retain existing behavior","0","Do not recompress"
"uploads/boat_14_img2.png","Not observed in sampled initial DOM","image/png","5184x2916","30753422","Not observed","Not established","Not established","Not established","Current boat uploader: 40 MiB / 1920; existing search JPEG thumbnail","boats.image2","""uploads/boat_14_img2.optimized.webp""","Yes / available through content viewers (family-level source audit)","No OG/twitter image reference found on sampled public pages","Potential alpha; do not discard without inspection","Stored high-resolution/current image may be used by viewer","Deferred; individual context/quality review required","Not established","Review required"
"uploads/boat_14_img3.optimized.webp","Not observed in sampled initial DOM","image/webp","1400x788","134722","Not observed","Not established","Not established","Not established","Existing service derivative: width <=1400, WebP76; original retained","No matching local DB path found","None found by sibling/thumbnail convention","Not established for this file","No OG/twitter image reference found on sampled public pages","Potential alpha; do not discard without inspection","Not established","Retain existing behavior","0","Do not recompress"
"uploads/boat_14_img3.png","Not observed in sampled initial DOM","image/png","5184x2916","30753422","Not observed","Not established","Not established","Not established","Current boat uploader: 40 MiB / 1920; existing search JPEG thumbnail","boats.image3","""uploads/boat_14_img3.optimized.webp""","Yes / available through content viewers (family-level source audit)","No OG/twitter image reference found on sampled public pages","Potential alpha; do not discard without inspection","Stored high-resolution/current image may be used by viewer","Deferred; individual context/quality review required","Not established","Review required"
"uploads/boat_14_img4.optimized.webp","Not observed in sampled initial DOM","image/webp","1400x788","129704","Not observed","Not established","Not established","Not established","Existing service derivative: width <=1400, WebP76; original retained","No matching local DB path found","None found by sibling/thumbnail convention","Not established for this file","No OG/twitter image reference found on sampled public pages","Potential alpha; do not discard without inspection","Not established","Retain existing behavior","0","Do not recompress"
"uploads/boat_14_img4.png","Not observed in sampled initial DOM","image/png","5184x2916","30531171","Not observed","Not established","Not established","Not established","Current boat uploader: 40 MiB / 1920; existing search JPEG thumbnail","boats.image4","""uploads/boat_14_img4.optimized.webp""","Yes / available through content viewers (family-level source audit)","No OG/twitter image reference found on sampled public pages","Potential alpha; do not discard without inspection","Stored high-resolution/current image may be used by viewer","Deferred; individual context/quality review required","Not established","Review required"
"uploads/boat_14_img5.optimized.webp","Not observed in sampled initial DOM","image/webp","1400x788","110558","Not observed","Not established","Not established","Not established","Existing service derivative: width <=1400, WebP76; original retained","No matching local DB path found","None found by sibling/thumbnail convention","Not established for this file","No OG/twitter image reference found on sampled public pages","Potential alpha; do not discard without inspection","Not established","Retain existing behavior","0","Do not recompress"
"uploads/boat_14_img5.png","Not observed in sampled initial DOM","image/png","5184x2916","29324226","Not observed","Not established","Not established","Not established","Current boat uploader: 40 MiB / 1920; existing search JPEG thumbnail","boats.image5","""uploads/boat_14_img5.optimized.webp""","Yes / available through content viewers (family-level source audit)","No OG/twitter image reference found on sampled public pages","Potential alpha; do not discard without inspection","Stored high-resolution/current image may be used by viewer","Deferred; individual context/quality review required","Not established","Review required"
"uploads/boat_1_img1.optimized.webp","packages (audit1); guides (audit1); boats (audit2); hotels (audit2); boat-details (audit3)","image/webp","1400x788","128070","229x180; 232x140; 661x380","Yes in at least one sampled viewport","below fold; above fold","No","Existing service derivative: width <=1400, WebP76; original retained","No matching local DB path found","None found by sibling/thumbnail convention","Not established for this file","No OG/twitter image reference found on sampled public pages","Potential alpha; do not discard without inspection","Not established","Retain existing behavior","0","Do not recompress"
"uploads/boat_1_img1.png","Not observed in sampled initial DOM","image/png","1619x910","2097639","Not observed","Not established","Not established","Not established","Current boat uploader: 40 MiB / 1920; existing search JPEG thumbnail","boats.image1","""uploads/boat_1_img1.optimized.webp""","Yes / available through content viewers (family-level source audit)","No OG/twitter image reference found on sampled public pages","Potential alpha; do not discard without inspection","Stored high-resolution/current image may be used by viewer","Deferred; individual context/quality review required","Not established","Review required"
"uploads/boat_1_img2.optimized.webp","Not observed in sampled initial DOM","image/webp","1400x788","88198","Not observed","Not established","Not established","Not established","Existing service derivative: width <=1400, WebP76; original retained","No matching local DB path found","None found by sibling/thumbnail convention","Not established for this file","No OG/twitter image reference found on sampled public pages","Potential alpha; do not discard without inspection","Not established","Retain existing behavior","0","Do not recompress"
"uploads/boat_1_img2.png","Not observed in sampled initial DOM","image/png","5184x2916","26785441","Not observed","Not established","Not established","Not established","Current boat uploader: 40 MiB / 1920; existing search JPEG thumbnail","boats.image2","""uploads/boat_1_img2.optimized.webp""","Yes / available through content viewers (family-level source audit)","No OG/twitter image reference found on sampled public pages","Potential alpha; do not discard without inspection","Stored high-resolution/current image may be used by viewer","Deferred; individual context/quality review required","Not established","Review required"
"uploads/boat_1_img3.optimized.webp","Not observed in sampled initial DOM","image/webp","1400x788","98598","Not observed","Not established","Not established","Not established","Existing service derivative: width <=1400, WebP76; original retained","No matching local DB path found","None found by sibling/thumbnail convention","Not established for this file","No OG/twitter image reference found on sampled public pages","Potential alpha; do not discard without inspection","Not established","Retain existing behavior","0","Do not recompress"
"uploads/boat_1_img3.png","Not observed in sampled initial DOM","image/png","5184x2916","27555127","Not observed","Not established","Not established","Not established","Current boat uploader: 40 MiB / 1920; existing search JPEG thumbnail","boats.image3","""uploads/boat_1_img3.optimized.webp""","Yes / available through content viewers (family-level source audit)","No OG/twitter image reference found on sampled public pages","Potential alpha; do not discard without inspection","Stored high-resolution/current image may be used by viewer","Deferred; individual context/quality review required","Not established","Review required"
"uploads/boat_1_img4.optimized.webp","Not observed in sampled initial DOM","image/webp","1400x788","121804","Not observed","Not established","Not established","Not established","Existing service derivative: width <=1400, WebP76; original retained","No matching local DB path found","None found by sibling/thumbnail convention","Not established for this file","No OG/twitter image reference found on sampled public pages","Potential alpha; do not discard without inspection","Not established","Retain existing behavior","0","Do not recompress"
"uploads/boat_1_img4.png","Not observed in sampled initial DOM","image/png","5184x2916","29820776","Not observed","Not established","Not established","Not established","Current boat uploader: 40 MiB / 1920; existing search JPEG thumbnail","boats.image4","""uploads/boat_1_img4.optimized.webp""","Yes / available through content viewers (family-level source audit)","No OG/twitter image reference found on sampled public pages","Potential alpha; do not discard without inspection","Stored high-resolution/current image may be used by viewer","Deferred; individual context/quality review required","Not established","Review required"
"uploads/boat_1_img5.optimized.webp","Not observed in sampled initial DOM","image/webp","1400x788","86720","Not observed","Not established","Not established","Not established","Existing service derivative: width <=1400, WebP76; original retained","No matching local DB path found","None found by sibling/thumbnail convention","Not established for this file","No OG/twitter image reference found on sampled public pages","Potential alpha; do not discard without inspection","Not established","Retain existing behavior","0","Do not recompress"
"uploads/boat_1_img5.png","Not observed in sampled initial DOM","image/png","5184x2916","26701641","Not observed","Not established","Not established","Not established","Current boat uploader: 40 MiB / 1920; existing search JPEG thumbnail","boats.image5","""uploads/boat_1_img5.optimized.webp""","Yes / available through content viewers (family-level source audit)","No OG/twitter image reference found on sampled public pages","Potential alpha; do not discard without inspection","Stored high-resolution/current image may be used by viewer","Deferred; individual context/quality review required","Not established","Review required"
"uploads/boat_2_img1.optimized.webp","packages (audit1); guides (audit1); boats (audit2); hotels (audit2); boat-details (audit3)","image/webp","1400x788","104054","229x180; 232x140","Yes in at least one sampled viewport","below fold; above fold","No","Existing service derivative: width <=1400, WebP76; original retained","No matching local DB path found","None found by sibling/thumbnail convention","Not established for this file","No OG/twitter image reference found on sampled public pages","Potential alpha; do not discard without inspection","Not established","Retain existing behavior","0","Do not recompress"
"uploads/boat_2_img1.png","Not observed in sampled initial DOM","image/png","5184x2916","28352618","Not observed","Not established","Not established","Not established","Current boat uploader: 40 MiB / 1920; existing search JPEG thumbnail","boats.image1","""uploads/boat_2_img1.optimized.webp""","Yes / available through content viewers (family-level source audit)","No OG/twitter image reference found on sampled public pages","Potential alpha; do not discard without inspection","Stored high-resolution/current image may be used by viewer","Deferred; individual context/quality review required","Not established","Review required"
"uploads/boat_2_img2.optimized.webp","Not observed in sampled initial DOM","image/webp","1400x788","91534","Not observed","Not established","Not established","Not established","Existing service derivative: width <=1400, WebP76; original retained","No matching local DB path found","None found by sibling/thumbnail convention","Not established for this file","No OG/twitter image reference found on sampled public pages","Potential alpha; do not discard without inspection","Not established","Retain existing behavior","0","Do not recompress"
"uploads/boat_2_img2.png","Not observed in sampled initial DOM","image/png","5184x2916","27165316","Not observed","Not established","Not established","Not established","Current boat uploader: 40 MiB / 1920; existing search JPEG thumbnail","boats.image2","""uploads/boat_2_img2.optimized.webp""","Yes / available through content viewers (family-level source audit)","No OG/twitter image reference found on sampled public pages","Potential alpha; do not discard without inspection","Stored high-resolution/current image may be used by viewer","Deferred; individual context/quality review required","Not established","Review required"
"uploads/boat_2_img3.optimized.webp","Not observed in sampled initial DOM","image/webp","1400x788","120356","Not observed","Not established","Not established","Not established","Existing service derivative: width <=1400, WebP76; original retained","No matching local DB path found","None found by sibling/thumbnail convention","Not established for this file","No OG/twitter image reference found on sampled public pages","Potential alpha; do not discard without inspection","Not established","Retain existing behavior","0","Do not recompress"
"uploads/boat_2_img3.png","Not observed in sampled initial DOM","image/png","5184x2916","29359269","Not observed","Not established","Not established","Not established","Current boat uploader: 40 MiB / 1920; existing search JPEG thumbnail","boats.image3","""uploads/boat_2_img3.optimized.webp""","Yes / available through content viewers (family-level source audit)","No OG/twitter image reference found on sampled public pages","Potential alpha; do not discard without inspection","Stored high-resolution/current image may be used by viewer","Deferred; individual context/quality review required","Not established","Review required"
"uploads/boat_2_img4.optimized.webp","Not observed in sampled initial DOM","image/webp","1400x788","121804","Not observed","Not established","Not established","Not established","Existing service derivative: width <=1400, WebP76; original retained","No matching local DB path found","None found by sibling/thumbnail convention","Not established for this file","No OG/twitter image reference found on sampled public pages","Potential alpha; do not discard without inspection","Not established","Retain existing behavior","0","Do not recompress"
"uploads/boat_2_img4.png","Not observed in sampled initial DOM","image/png","5184x2916","29820776","Not observed","Not established","Not established","Not established","Current boat uploader: 40 MiB / 1920; existing search JPEG thumbnail","boats.image4","""uploads/boat_2_img4.optimized.webp""","Yes / available through content viewers (family-level source audit)","No OG/twitter image reference found on sampled public pages","Potential alpha; do not discard without inspection","Stored high-resolution/current image may be used by viewer","Deferred; individual context/quality review required","Not established","Review required"
"uploads/boat_2_img5.optimized.webp","Not observed in sampled initial DOM","image/webp","1400x788","84996","Not observed","Not established","Not established","Not established","Existing service derivative: width <=1400, WebP76; original retained","No matching local DB path found","None found by sibling/thumbnail convention","Not established for this file","No OG/twitter image reference found on sampled public pages","Potential alpha; do not discard without inspection","Not established","Retain existing behavior","0","Do not recompress"
"uploads/boat_2_img5.png","Not observed in sampled initial DOM","image/png","5184x2916","26563482","Not observed","Not established","Not established","Not established","Current boat uploader: 40 MiB / 1920; existing search JPEG thumbnail","boats.image5","""uploads/boat_2_img5.optimized.webp""","Yes / available through content viewers (family-level source audit)","No OG/twitter image reference found on sampled public pages","Potential alpha; do not discard without inspection","Stored high-resolution/current image may be used by viewer","Deferred; individual context/quality review required","Not established","Review required"
"uploads/boat_3_img1.optimized.webp","packages (audit1); guides (audit1); boats (audit2); hotels (audit2); boat-details (audit3)","image/webp","1400x788","99872","229x180; 232x140","Yes in at least one sampled viewport","below fold; above fold","No","Existing service derivative: width <=1400, WebP76; original retained","No matching local DB path found","None found by sibling/thumbnail convention","Not established for this file","No OG/twitter image reference found on sampled public pages","Potential alpha; do not discard without inspection","Not established","Retain existing behavior","0","Do not recompress"
"uploads/boat_3_img1.png","Not observed in sampled initial DOM","image/png","5184x2916","27761371","Not observed","Not established","Not established","Not established","Current boat uploader: 40 MiB / 1920; existing search JPEG thumbnail","boats.image1","""uploads/boat_3_img1.optimized.webp""","Yes / available through content viewers (family-level source audit)","No OG/twitter image reference found on sampled public pages","Potential alpha; do not discard without inspection","Stored high-resolution/current image may be used by viewer","Deferred; individual context/quality review required","Not established","Review required"
"uploads/boat_3_img2.optimized.webp","Not observed in sampled initial DOM","image/webp","1400x788","78640","Not observed","Not established","Not established","Not established","Existing service derivative: width <=1400, WebP76; original retained","No matching local DB path found","None found by sibling/thumbnail convention","Not established for this file","No OG/twitter image reference found on sampled public pages","Potential alpha; do not discard without inspection","Not established","Retain existing behavior","0","Do not recompress"
"uploads/boat_3_img2.png","Not observed in sampled initial DOM","image/png","5184x2916","26388376","Not observed","Not established","Not established","Not established","Current boat uploader: 40 MiB / 1920; existing search JPEG thumbnail","boats.image2","""uploads/boat_3_img2.optimized.webp""","Yes / available through content viewers (family-level source audit)","No OG/twitter image reference found on sampled public pages","Potential alpha; do not discard without inspection","Stored high-resolution/current image may be used by viewer","Deferred; individual context/quality review required","Not established","Review required"
"uploads/boat_3_img3.optimized.webp","Not observed in sampled initial DOM","image/webp","1400x788","101962","Not observed","Not established","Not established","Not established","Existing service derivative: width <=1400, WebP76; original retained","No matching local DB path found","None found by sibling/thumbnail convention","Not established for this file","No OG/twitter image reference found on sampled public pages","Potential alpha; do not discard without inspection","Not established","Retain existing behavior","0","Do not recompress"
"uploads/boat_3_img3.png","Not observed in sampled initial DOM","image/png","5184x2916","28166678","Not observed","Not established","Not established","Not established","Current boat uploader: 40 MiB / 1920; existing search JPEG thumbnail","boats.image3","""uploads/boat_3_img3.optimized.webp""","Yes / available through content viewers (family-level source audit)","No OG/twitter image reference found on sampled public pages","Potential alpha; do not discard without inspection","Stored high-resolution/current image may be used by viewer","Deferred; individual context/quality review required","Not established","Review required"
"uploads/boat_3_img4.optimized.webp","Not observed in sampled initial DOM","image/webp","1400x788","115346","Not observed","Not established","Not established","Not established","Existing service derivative: width <=1400, WebP76; original retained","No matching local DB path found","None found by sibling/thumbnail convention","Not established for this file","No OG/twitter image reference found on sampled public pages","Potential alpha; do not discard without inspection","Not established","Retain existing behavior","0","Do not recompress"
"uploads/boat_3_img4.png","Not observed in sampled initial DOM","image/png","5184x2916","29646222","Not observed","Not established","Not established","Not established","Current boat uploader: 40 MiB / 1920; existing search JPEG thumbnail","boats.image4","""uploads/boat_3_img4.optimized.webp""","Yes / available through content viewers (family-level source audit)","No OG/twitter image reference found on sampled public pages","Potential alpha; do not discard without inspection","Stored high-resolution/current image may be used by viewer","Deferred; individual context/quality review required","Not established","Review required"
"uploads/boat_3_img5.optimized.webp","Not observed in sampled initial DOM","image/webp","1400x788","116472","Not observed","Not established","Not established","Not established","Existing service derivative: width <=1400, WebP76; original retained","No matching local DB path found","None found by sibling/thumbnail convention","Not established for this file","No OG/twitter image reference found on sampled public pages","Potential alpha; do not discard without inspection","Not established","Retain existing behavior","0","Do not recompress"
"uploads/boat_3_img5.png","Not observed in sampled initial DOM","image/png","5184x2916","29280627","Not observed","Not established","Not established","Not established","Current boat uploader: 40 MiB / 1920; existing search JPEG thumbnail","boats.image5","""uploads/boat_3_img5.optimized.webp""","Yes / available through content viewers (family-level source audit)","No OG/twitter image reference found on sampled public pages","Potential alpha; do not discard without inspection","Stored high-resolution/current image may be used by viewer","Deferred; individual context/quality review required","Not established","Review required"
"uploads/boat_4_img1.optimized.webp","packages (audit1); guides (audit1); boats (audit2); hotels (audit2); boat-details (audit3)","image/webp","1400x788","114758","229x180; 232x140","Yes in at least one sampled viewport","below fold; above fold","No","Existing service derivative: width <=1400, WebP76; original retained","No matching local DB path found","None found by sibling/thumbnail convention","Not established for this file","No OG/twitter image reference found on sampled public pages","Potential alpha; do not discard without inspection","Not established","Retain existing behavior","0","Do not recompress"
"uploads/boat_4_img1.png","Not observed in sampled initial DOM","image/png","5184x2916","29552829","Not observed","Not established","Not established","Not established","Current boat uploader: 40 MiB / 1920; existing search JPEG thumbnail","boats.image1","""uploads/boat_4_img1.optimized.webp""","Yes / available through content viewers (family-level source audit)","No OG/twitter image reference found on sampled public pages","Potential alpha; do not discard without inspection","Stored high-resolution/current image may be used by viewer","Deferred; individual context/quality review required","Not established","Review required"
"uploads/boat_4_img2.optimized.webp","Not observed in sampled initial DOM","image/webp","1400x788","76776","Not observed","Not established","Not established","Not established","Existing service derivative: width <=1400, WebP76; original retained","No matching local DB path found","None found by sibling/thumbnail convention","Not established for this file","No OG/twitter image reference found on sampled public pages","Potential alpha; do not discard without inspection","Not established","Retain existing behavior","0","Do not recompress"
"uploads/boat_4_img2.png","Not observed in sampled initial DOM","image/png","5184x2916","25767304","Not observed","Not established","Not established","Not established","Current boat uploader: 40 MiB / 1920; existing search JPEG thumbnail","boats.image2","""uploads/boat_4_img2.optimized.webp""","Yes / available through content viewers (family-level source audit)","No OG/twitter image reference found on sampled public pages","Potential alpha; do not discard without inspection","Stored high-resolution/current image may be used by viewer","Deferred; individual context/quality review required","Not established","Review required"
"uploads/boat_4_img3.optimized.webp","Not observed in sampled initial DOM","image/webp","1400x788","96256","Not observed","Not established","Not established","Not established","Existing service derivative: width <=1400, WebP76; original retained","No matching local DB path found","None found by sibling/thumbnail convention","Not established for this file","No OG/twitter image reference found on sampled public pages","Potential alpha; do not discard without inspection","Not established","Retain existing behavior","0","Do not recompress"
"uploads/boat_4_img3.png","Not observed in sampled initial DOM","image/png","5184x2916","27908680","Not observed","Not established","Not established","Not established","Current boat uploader: 40 MiB / 1920; existing search JPEG thumbnail","boats.image3","""uploads/boat_4_img3.optimized.webp""","Yes / available through content viewers (family-level source audit)","No OG/twitter image reference found on sampled public pages","Potential alpha; do not discard without inspection","Stored high-resolution/current image may be used by viewer","Deferred; individual context/quality review required","Not established","Review required"
"uploads/boat_4_img4.optimized.webp","Not observed in sampled initial DOM","image/webp","1400x788","99122","Not observed","Not established","Not established","Not established","Existing service derivative: width <=1400, WebP76; original retained","No matching local DB path found","None found by sibling/thumbnail convention","Not established for this file","No OG/twitter image reference found on sampled public pages","Potential alpha; do not discard without inspection","Not established","Retain existing behavior","0","Do not recompress"
"uploads/boat_4_img4.png","Not observed in sampled initial DOM","image/png","5184x2916","27766693","Not observed","Not established","Not established","Not established","Current boat uploader: 40 MiB / 1920; existing search JPEG thumbnail","boats.image4","""uploads/boat_4_img4.optimized.webp""","Yes / available through content viewers (family-level source audit)","No OG/twitter image reference found on sampled public pages","Potential alpha; do not discard without inspection","Stored high-resolution/current image may be used by viewer","Deferred; individual context/quality review required","Not established","Review required"
"uploads/boat_4_img5.optimized.webp","Not observed in sampled initial DOM","image/webp","1400x788","129704","Not observed","Not established","Not established","Not established","Existing service derivative: width <=1400, WebP76; original retained","No matching local DB path found","None found by sibling/thumbnail convention","Not established for this file","No OG/twitter image reference found on sampled public pages","Potential alpha; do not discard without inspection","Not established","Retain existing behavior","0","Do not recompress"
"uploads/boat_4_img5.png","Not observed in sampled initial DOM","image/png","5184x2916","30531171","Not observed","Not established","Not established","Not established","Current boat uploader: 40 MiB / 1920; existing search JPEG thumbnail","boats.image5","""uploads/boat_4_img5.optimized.webp""","Yes / available through content viewers (family-level source audit)","No OG/twitter image reference found on sampled public pages","Potential alpha; do not discard without inspection","Stored high-resolution/current image may be used by viewer","Deferred; individual context/quality review required","Not established","Review required"
"uploads/boat_5_img1.optimized.webp","packages (audit1); guides (audit1); boats (audit2); hotels (audit2); boat-details (audit3)","image/webp","1400x788","146260","229x180; 232x140","Yes in at least one sampled viewport","below fold; above fold","No","Existing service derivative: width <=1400, WebP76; original retained","No matching local DB path found","None found by sibling/thumbnail convention","Not established for this file","No OG/twitter image reference found on sampled public pages","Potential alpha; do not discard without inspection","Not established","Retain existing behavior","0","Do not recompress"
"uploads/boat_5_img1.png","Not observed in sampled initial DOM","image/png","5184x2916","32031328","Not observed","Not established","Not established","Not established","Current boat uploader: 40 MiB / 1920; existing search JPEG thumbnail","boats.image1","""uploads/boat_5_img1.optimized.webp""","Yes / available through content viewers (family-level source audit)","No OG/twitter image reference found on sampled public pages","Potential alpha; do not discard without inspection","Stored high-resolution/current image may be used by viewer","Deferred; individual context/quality review required","Not established","Review required"
"uploads/boat_5_img2.optimized.webp","Not observed in sampled initial DOM","image/webp","1400x788","146260","Not observed","Not established","Not established","Not established","Existing service derivative: width <=1400, WebP76; original retained","No matching local DB path found","None found by sibling/thumbnail convention","Not established for this file","No OG/twitter image reference found on sampled public pages","Potential alpha; do not discard without inspection","Not established","Retain existing behavior","0","Do not recompress"
"uploads/boat_5_img2.png","Not observed in sampled initial DOM","image/png","5184x2916","32031328","Not observed","Not established","Not established","Not established","Current boat uploader: 40 MiB / 1920; existing search JPEG thumbnail","boats.image2","""uploads/boat_5_img2.optimized.webp""","Yes / available through content viewers (family-level source audit)","No OG/twitter image reference found on sampled public pages","Potential alpha; do not discard without inspection","Stored high-resolution/current image may be used by viewer","Deferred; individual context/quality review required","Not established","Review required"
"uploads/boat_5_img3.optimized.webp","Not observed in sampled initial DOM","image/webp","1400x788","111504","Not observed","Not established","Not established","Not established","Existing service derivative: width <=1400, WebP76; original retained","No matching local DB path found","None found by sibling/thumbnail convention","Not established for this file","No OG/twitter image reference found on sampled public pages","Potential alpha; do not discard without inspection","Not established","Retain existing behavior","0","Do not recompress"
"uploads/boat_5_img3.png","Not observed in sampled initial DOM","image/png","5184x2916","29395034","Not observed","Not established","Not established","Not established","Current boat uploader: 40 MiB / 1920; existing search JPEG thumbnail","boats.image3","""uploads/boat_5_img3.optimized.webp""","Yes / available through content viewers (family-level source audit)","No OG/twitter image reference found on sampled public pages","Potential alpha; do not discard without inspection","Stored high-resolution/current image may be used by viewer","Deferred; individual context/quality review required","Not established","Review required"
"uploads/boat_5_img4.optimized.webp","Not observed in sampled initial DOM","image/webp","1400x788","111504","Not observed","Not established","Not established","Not established","Existing service derivative: width <=1400, WebP76; original retained","No matching local DB path found","None found by sibling/thumbnail convention","Not established for this file","No OG/twitter image reference found on sampled public pages","Potential alpha; do not discard without inspection","Not established","Retain existing behavior","0","Do not recompress"
"uploads/boat_5_img4.png","Not observed in sampled initial DOM","image/png","5184x2916","29395034","Not observed","Not established","Not established","Not established","Current boat uploader: 40 MiB / 1920; existing search JPEG thumbnail","boats.image4","""uploads/boat_5_img4.optimized.webp""","Yes / available through content viewers (family-level source audit)","No OG/twitter image reference found on sampled public pages","Potential alpha; do not discard without inspection","Stored high-resolution/current image may be used by viewer","Deferred; individual context/quality review required","Not established","Review required"
"uploads/boat_5_img5.optimized.webp","Not observed in sampled initial DOM","image/webp","1400x788","114758","Not observed","Not established","Not established","Not established","Existing service derivative: width <=1400, WebP76; original retained","No matching local DB path found","None found by sibling/thumbnail convention","Not established for this file","No OG/twitter image reference found on sampled public pages","Potential alpha; do not discard without inspection","Not established","Retain existing behavior","0","Do not recompress"
"uploads/boat_5_img5.png","Not observed in sampled initial DOM","image/png","5184x2916","29552829","Not observed","Not established","Not established","Not established","Current boat uploader: 40 MiB / 1920; existing search JPEG thumbnail","boats.image5","""uploads/boat_5_img5.optimized.webp""","Yes / available through content viewers (family-level source audit)","No OG/twitter image reference found on sampled public pages","Potential alpha; do not discard without inspection","Stored high-resolution/current image may be used by viewer","Deferred; individual context/quality review required","Not established","Review required"
"uploads/boat_7_img1.optimized.webp","packages (audit1); guides (audit1); boats (audit2); hotels (audit2); boat-details (audit3)","image/webp","1400x788","89236","229x180; 232x140","Yes in at least one sampled viewport","below fold; above fold","No","Existing service derivative: width <=1400, WebP76; original retained","No matching local DB path found","None found by sibling/thumbnail convention","Not established for this file","No OG/twitter image reference found on sampled public pages","Potential alpha; do not discard without inspection","Not established","Retain existing behavior","0","Do not recompress"
"uploads/boat_7_img1.png","Not observed in sampled initial DOM","image/png","5184x2916","26830423","Not observed","Not established","Not established","Not established","Current boat uploader: 40 MiB / 1920; existing search JPEG thumbnail","boats.image1","""uploads/boat_7_img1.optimized.webp""","Yes / available through content viewers (family-level source audit)","No OG/twitter image reference found on sampled public pages","Potential alpha; do not discard without inspection","Stored high-resolution/current image may be used by viewer","Deferred; individual context/quality review required","Not established","Review required"
"uploads/boat_7_img2.optimized.webp","Not observed in sampled initial DOM","image/webp","1400x788","101962","Not observed","Not established","Not established","Not established","Existing service derivative: width <=1400, WebP76; original retained","No matching local DB path found","None found by sibling/thumbnail convention","Not established for this file","No OG/twitter image reference found on sampled public pages","Potential alpha; do not discard without inspection","Not established","Retain existing behavior","0","Do not recompress"
"uploads/boat_7_img2.png","Not observed in sampled initial DOM","image/png","5184x2916","28166678","Not observed","Not established","Not established","Not established","Current boat uploader: 40 MiB / 1920; existing search JPEG thumbnail","boats.image2","""uploads/boat_7_img2.optimized.webp""","Yes / available through content viewers (family-level source audit)","No OG/twitter image reference found on sampled public pages","Potential alpha; do not discard without inspection","Stored high-resolution/current image may be used by viewer","Deferred; individual context/quality review required","Not established","Review required"
"uploads/boat_7_img3.optimized.webp","Not observed in sampled initial DOM","image/webp","1400x788","116472","Not observed","Not established","Not established","Not established","Existing service derivative: width <=1400, WebP76; original retained","No matching local DB path found","None found by sibling/thumbnail convention","Not established for this file","No OG/twitter image reference found on sampled public pages","Potential alpha; do not discard without inspection","Not established","Retain existing behavior","0","Do not recompress"
"uploads/boat_7_img3.png","Not observed in sampled initial DOM","image/png","5184x2916","29280627","Not observed","Not established","Not established","Not established","Current boat uploader: 40 MiB / 1920; existing search JPEG thumbnail","boats.image3","""uploads/boat_7_img3.optimized.webp""","Yes / available through content viewers (family-level source audit)","No OG/twitter image reference found on sampled public pages","Potential alpha; do not discard without inspection","Stored high-resolution/current image may be used by viewer","Deferred; individual context/quality review required","Not established","Review required"
"uploads/boat_7_img4.optimized.webp","Not observed in sampled initial DOM","image/webp","1400x788","101962","Not observed","Not established","Not established","Not established","Existing service derivative: width <=1400, WebP76; original retained","No matching local DB path found","None found by sibling/thumbnail convention","Not established for this file","No OG/twitter image reference found on sampled public pages","Potential alpha; do not discard without inspection","Not established","Retain existing behavior","0","Do not recompress"
"uploads/boat_7_img4.png","Not observed in sampled initial DOM","image/png","5184x2916","28166678","Not observed","Not established","Not established","Not established","Current boat uploader: 40 MiB / 1920; existing search JPEG thumbnail","boats.image4","""uploads/boat_7_img4.optimized.webp""","Yes / available through content viewers (family-level source audit)","No OG/twitter image reference found on sampled public pages","Potential alpha; do not discard without inspection","Stored high-resolution/current image may be used by viewer","Deferred; individual context/quality review required","Not established","Review required"
"uploads/boat_7_img5.optimized.webp","Not observed in sampled initial DOM","image/webp","1400x788","116472","Not observed","Not established","Not established","Not established","Existing service derivative: width <=1400, WebP76; original retained","No matching local DB path found","None found by sibling/thumbnail convention","Not established for this file","No OG/twitter image reference found on sampled public pages","Potential alpha; do not discard without inspection","Not established","Retain existing behavior","0","Do not recompress"
"uploads/boat_7_img5.png","Not observed in sampled initial DOM","image/png","5184x2916","29280627","Not observed","Not established","Not established","Not established","Current boat uploader: 40 MiB / 1920; existing search JPEG thumbnail","boats.image5","""uploads/boat_7_img5.optimized.webp""","Yes / available through content viewers (family-level source audit)","No OG/twitter image reference found on sampled public pages","Potential alpha; do not discard without inspection","Stored high-resolution/current image may be used by viewer","Deferred; individual context/quality review required","Not established","Review required"
"uploads/boat_8_img1.optimized.webp","packages (audit1); guides (audit1); boats (audit2); hotels (audit2); boat-details (audit3)","image/webp","1400x788","87480","229x180; 232x140","Yes in at least one sampled viewport","below fold; above fold","No","Existing service derivative: width <=1400, WebP76; original retained","No matching local DB path found","None found by sibling/thumbnail convention","Not established for this file","No OG/twitter image reference found on sampled public pages","Potential alpha; do not discard without inspection","Not established","Retain existing behavior","0","Do not recompress"
"uploads/boat_8_img1.png","Not observed in sampled initial DOM","image/png","5184x2916","26713217","Not observed","Not established","Not established","Not established","Current boat uploader: 40 MiB / 1920; existing search JPEG thumbnail","boats.image1","""uploads/boat_8_img1.optimized.webp""","Yes / available through content viewers (family-level source audit)","No OG/twitter image reference found on sampled public pages","Potential alpha; do not discard without inspection","Stored high-resolution/current image may be used by viewer","Deferred; individual context/quality review required","Not established","Review required"
"uploads/boat_8_img2.optimized.webp","Not observed in sampled initial DOM","image/webp","1400x788","109296","Not observed","Not established","Not established","Not established","Existing service derivative: width <=1400, WebP76; original retained","No matching local DB path found","None found by sibling/thumbnail convention","Not established for this file","No OG/twitter image reference found on sampled public pages","Potential alpha; do not discard without inspection","Not established","Retain existing behavior","0","Do not recompress"
"uploads/boat_8_img2.png","Not observed in sampled initial DOM","image/png","5184x2916","28819919","Not observed","Not established","Not established","Not established","Current boat uploader: 40 MiB / 1920; existing search JPEG thumbnail","boats.image2","""uploads/boat_8_img2.optimized.webp""","Yes / available through content viewers (family-level source audit)","No OG/twitter image reference found on sampled public pages","Potential alpha; do not discard without inspection","Stored high-resolution/current image may be used by viewer","Deferred; individual context/quality review required","Not established","Review required"
"uploads/boat_8_img3.optimized.webp","Not observed in sampled initial DOM","image/webp","1400x788","118050","Not observed","Not established","Not established","Not established","Existing service derivative: width <=1400, WebP76; original retained","No matching local DB path found","None found by sibling/thumbnail convention","Not established for this file","No OG/twitter image reference found on sampled public pages","Potential alpha; do not discard without inspection","Not established","Retain existing behavior","0","Do not recompress"
"uploads/boat_8_img3.png","Not observed in sampled initial DOM","image/png","5184x2916","29321613","Not observed","Not established","Not established","Not established","Current boat uploader: 40 MiB / 1920; existing search JPEG thumbnail","boats.image3","""uploads/boat_8_img3.optimized.webp""","Yes / available through content viewers (family-level source audit)","No OG/twitter image reference found on sampled public pages","Potential alpha; do not discard without inspection","Stored high-resolution/current image may be used by viewer","Deferred; individual context/quality review required","Not established","Review required"
"uploads/boat_8_img4.optimized.webp","Not observed in sampled initial DOM","image/webp","1400x788","87480","Not observed","Not established","Not established","Not established","Existing service derivative: width <=1400, WebP76; original retained","No matching local DB path found","None found by sibling/thumbnail convention","Not established for this file","No OG/twitter image reference found on sampled public pages","Potential alpha; do not discard without inspection","Not established","Retain existing behavior","0","Do not recompress"
"uploads/boat_8_img4.png","Not observed in sampled initial DOM","image/png","5184x2916","26713217","Not observed","Not established","Not established","Not established","Current boat uploader: 40 MiB / 1920; existing search JPEG thumbnail","boats.image4","""uploads/boat_8_img4.optimized.webp""","Yes / available through content viewers (family-level source audit)","No OG/twitter image reference found on sampled public pages","Potential alpha; do not discard without inspection","Stored high-resolution/current image may be used by viewer","Deferred; individual context/quality review required","Not established","Review required"
"uploads/boat_8_img5.optimized.webp","Not observed in sampled initial DOM","image/webp","1400x788","116472","Not observed","Not established","Not established","Not established","Existing service derivative: width <=1400, WebP76; original retained","No matching local DB path found","None found by sibling/thumbnail convention","Not established for this file","No OG/twitter image reference found on sampled public pages","Potential alpha; do not discard without inspection","Not established","Retain existing behavior","0","Do not recompress"
"uploads/boat_8_img5.png","Not observed in sampled initial DOM","image/png","5184x2916","29280627","Not observed","Not established","Not established","Not established","Current boat uploader: 40 MiB / 1920; existing search JPEG thumbnail","boats.image5","""uploads/boat_8_img5.optimized.webp""","Yes / available through content viewers (family-level source audit)","No OG/twitter image reference found on sampled public pages","Potential alpha; do not discard without inspection","Stored high-resolution/current image may be used by viewer","Deferred; individual context/quality review required","Not established","Review required"
"uploads/destinations/card_image_20260907222021_bceedab6.jpg","homepage (audit1); destination (audit1); homepage (desktop); homepage (mobile)","image/jpeg","1200x900","157569","32x32; 274x190; 0x0","Yes in at least one sampled viewport","above fold; below fold; hidden","No; Yes","Current destination uploader: 40 MiB; 1600 card / 2400 hero / 1920 gallery; native format; legacy sources may predate optimizer","destinations.card_image","None found by sibling/thumbnail convention","Yes / available through content viewers (family-level source audit)","No OG/twitter image reference found on sampled public pages","No alpha in JPEG","Stored high-resolution/current image may be used by viewer","Deferred; individual context/quality review required","Not established","Review required"
"uploads/destinations/card_image_20260907222258_9de5b65d.jpg","homepage (audit1); destination (audit1); homepage (desktop); homepage (mobile)","image/jpeg","1200x900","142101","0x0; 32x32; 274x190","Yes in at least one sampled viewport","hidden; above fold; below fold","Yes; No","Current destination uploader: 40 MiB; 1600 card / 2400 hero / 1920 gallery; native format; legacy sources may predate optimizer","destinations.card_image","None found by sibling/thumbnail convention","Yes / available through content viewers (family-level source audit)","No OG/twitter image reference found on sampled public pages","No alpha in JPEG","Stored high-resolution/current image may be used by viewer","Deferred; individual context/quality review required","Not established","Review required"
"uploads/destinations/card_image_20260907222324_62465512.jpg","homepage (audit1); destination (audit1); homepage (desktop); homepage (mobile)","image/jpeg","1200x900","145788","0x0; 32x32; 274x190","Yes in at least one sampled viewport","hidden; above fold; below fold","Yes; No","Current destination uploader: 40 MiB; 1600 card / 2400 hero / 1920 gallery; native format; legacy sources may predate optimizer","destinations.card_image","None found by sibling/thumbnail convention","Yes / available through content viewers (family-level source audit)","No OG/twitter image reference found on sampled public pages","No alpha in JPEG","Stored high-resolution/current image may be used by viewer","Deferred; individual context/quality review required","Not established","Review required"
"uploads/destinations/card_image_b2cd287e5145b2ab72b1e3b4b106c62e.jpg","homepage (audit1); destination (audit1); homepage (desktop); homepage (mobile)","image/jpeg","1600x1200","448533","32x32; 274x190; 0x0","Yes in at least one sampled viewport","above fold; hidden","No; Yes","Current destination uploader: 40 MiB; 1600 card / 2400 hero / 1920 gallery; native format; legacy sources may predate optimizer","destinations.card_image","None found by sibling/thumbnail convention","Yes / available through content viewers (family-level source audit)","No OG/twitter image reference found on sampled public pages","No alpha in JPEG","Stored high-resolution/current image may be used by viewer","Deferred; individual context/quality review required","Not established","Review required"
"uploads/destinations/card_image_be8ecee36e5badd003026d234525c1e6.jpg","homepage (audit1); destination (audit1); homepage (desktop); homepage (mobile)","image/jpeg","1600x1200","463073","328x398; 35x35; 463x385; 274x190; 0x0; 326x310","Yes in at least one sampled viewport","above fold; below fold; hidden","No; Yes","Current destination uploader: 40 MiB; 1600 card / 2400 hero / 1920 gallery; native format; legacy sources may predate optimizer","destinations.card_image","None found by sibling/thumbnail convention","Yes / available through content viewers (family-level source audit)","No OG/twitter image reference found on sampled public pages","No alpha in JPEG","Stored high-resolution/current image may be used by viewer","Deferred; individual context/quality review required","Not established","Review required"
"uploads/destinations/card_image_e01a1c1af1cbc58d17872059d0c4f7ea.jpg","homepage (audit1); destination (audit1); homepage (desktop); homepage (mobile)","image/jpeg","1421x1066","159402","32x32; 274x190; 0x0","Yes in at least one sampled viewport","above fold; hidden","No; Yes","Current destination uploader: 40 MiB; 1600 card / 2400 hero / 1920 gallery; native format; legacy sources may predate optimizer","destinations.card_image","None found by sibling/thumbnail convention","Yes / available through content viewers (family-level source audit)","No OG/twitter image reference found on sampled public pages","No alpha in JPEG","Stored high-resolution/current image may be used by viewer","Deferred; individual context/quality review required","Not established","Review required"
"uploads/destinations/hero_image_20260903162026_675130ac.jpg","Not observed in sampled initial DOM","image/jpeg","1800x675","252417","Not observed","Not established","Not established","Not established","Current destination uploader: 40 MiB; 1600 card / 2400 hero / 1920 gallery; native format; legacy sources may predate optimizer","No matching local DB path found","None found by sibling/thumbnail convention","Not established for this file","No OG/twitter image reference found on sampled public pages","No alpha in JPEG","Not established","Deferred; individual context/quality review required","Not established","Review required"
"uploads/destinations/hero_image_20260903214634_64c9f8c8.jpg","Not observed in sampled initial DOM","image/jpeg","1920x600","252510","Not observed","Not established","Not established","Not established","Current destination uploader: 40 MiB; 1600 card / 2400 hero / 1920 gallery; native format; legacy sources may predate optimizer","No matching local DB path found","None found by sibling/thumbnail convention","Not established for this file","No OG/twitter image reference found on sampled public pages","No alpha in JPEG","Not established","Deferred; individual context/quality review required","Not established","Review required"
"uploads/destinations/hero_image_20260903215210_4f5084a2.jpg","Not observed in sampled initial DOM","image/jpeg","1920x600","252852","Not observed","Not established","Not established","Not established","Current destination uploader: 40 MiB; 1600 card / 2400 hero / 1920 gallery; native format; legacy sources may predate optimizer","No matching local DB path found","None found by sibling/thumbnail convention","Not established for this file","No OG/twitter image reference found on sampled public pages","No alpha in JPEG","Not established","Deferred; individual context/quality review required","Not established","Review required"
"uploads/destinations/hero_image_20260903215328_6d579c6b.jpg","Not observed in sampled initial DOM","image/jpeg","1920x600","252960","Not observed","Not established","Not established","Not established","Current destination uploader: 40 MiB; 1600 card / 2400 hero / 1920 gallery; native format; legacy sources may predate optimizer","No matching local DB path found","None found by sibling/thumbnail convention","Not established for this file","No OG/twitter image reference found on sampled public pages","No alpha in JPEG","Not established","Deferred; individual context/quality review required","Not established","Review required"
"uploads/destinations/hero_image_20260903215427_faaf8598.jpg","Not observed in sampled initial DOM","image/jpeg","1920x600","244773","Not observed","Not established","Not established","Not established","Current destination uploader: 40 MiB; 1600 card / 2400 hero / 1920 gallery; native format; legacy sources may predate optimizer","No matching local DB path found","None found by sibling/thumbnail convention","Not established for this file","No OG/twitter image reference found on sampled public pages","No alpha in JPEG","Not established","Deferred; individual context/quality review required","Not established","Review required"
"uploads/destinations/hero_image_20260903215451_e72710f5.jpg","Not observed in sampled initial DOM","image/jpeg","1920x600","150111","Not observed","Not established","Not established","Not established","Current destination uploader: 40 MiB; 1600 card / 2400 hero / 1920 gallery; native format; legacy sources may predate optimizer","No matching local DB path found","None found by sibling/thumbnail convention","Not established for this file","No OG/twitter image reference found on sampled public pages","No alpha in JPEG","Not established","Deferred; individual context/quality review required","Not established","Review required"
"uploads/destinations/hero_image_20260903215515_a0ec0130.jpg","Not observed in sampled initial DOM","image/jpeg","1920x600","164330","Not observed","Not established","Not established","Not established","Current destination uploader: 40 MiB; 1600 card / 2400 hero / 1920 gallery; native format; legacy sources may predate optimizer","No matching local DB path found","None found by sibling/thumbnail convention","Not established for this file","No OG/twitter image reference found on sampled public pages","No alpha in JPEG","Not established","Deferred; individual context/quality review required","Not established","Review required"
"uploads/destinations/hero_image_20260903215544_849b5df7.jpg","Not observed in sampled initial DOM","image/jpeg","1920x600","203417","Not observed","Not established","Not established","Not established","Current destination uploader: 40 MiB; 1600 card / 2400 hero / 1920 gallery; native format; legacy sources may predate optimizer","No matching local DB path found","None found by sibling/thumbnail convention","Not established for this file","No OG/twitter image reference found on sampled public pages","No alpha in JPEG","Not established","Deferred; individual context/quality review required","Not established","Review required"
"uploads/destinations/hero_image_20260903215605_0213d5cc.jpg","Not observed in sampled initial DOM","image/jpeg","1920x600","187956","Not observed","Not established","Not established","Not established","Current destination uploader: 40 MiB; 1600 card / 2400 hero / 1920 gallery; native format; legacy sources may predate optimizer","No matching local DB path found","None found by sibling/thumbnail convention","Not established for this file","No OG/twitter image reference found on sampled public pages","No alpha in JPEG","Not established","Deferred; individual context/quality review required","Not established","Review required"
"uploads/destinations/hero_image_20260903215625_2abfdac1.jpg","Not observed in sampled initial DOM","image/jpeg","1920x600","211047","Not observed","Not established","Not established","Not established","Current destination uploader: 40 MiB; 1600 card / 2400 hero / 1920 gallery; native format; legacy sources may predate optimizer","No matching local DB path found","None found by sibling/thumbnail convention","Not established for this file","No OG/twitter image reference found on sampled public pages","No alpha in JPEG","Not established","Deferred; individual context/quality review required","Not established","Review required"
"uploads/destinations/hero_image_20260907161850_a5b6471e.jpg","Not observed in sampled initial DOM","image/jpeg","1920x600","178134","Not observed","Not established","Not established","Not established","Current destination uploader: 40 MiB; 1600 card / 2400 hero / 1920 gallery; native format; legacy sources may predate optimizer","No matching local DB path found","None found by sibling/thumbnail convention","Not established for this file","No OG/twitter image reference found on sampled public pages","No alpha in JPEG","Not established","Deferred; individual context/quality review required","Not established","Review required"
"uploads/destinations/hero_image_20260907162330_815cade1.jpg","Not observed in sampled initial DOM","image/jpeg","1920x600","123058","Not observed","Not established","Not established","Not established","Current destination uploader: 40 MiB; 1600 card / 2400 hero / 1920 gallery; native format; legacy sources may predate optimizer","No matching local DB path found","None found by sibling/thumbnail convention","Not established for this file","No OG/twitter image reference found on sampled public pages","No alpha in JPEG","Not established","Deferred; individual context/quality review required","Not established","Review required"
"uploads/destinations/hero_image_20260907220432_850c8057.jpg","Not observed in sampled initial DOM","image/jpeg","1920x600","178686","Not observed","Not established","Not established","Not established","Current destination uploader: 40 MiB; 1600 card / 2400 hero / 1920 gallery; native format; legacy sources may predate optimizer","No matching local DB path found","None found by sibling/thumbnail convention","Not established for this file","No OG/twitter image reference found on sampled public pages","No alpha in JPEG","Not established","Deferred; individual context/quality review required","Not established","Review required"
"uploads/destinations/hero_image_20260907221651_ba82083a.jpg","Not observed in sampled initial DOM","image/jpeg","1510x329","126742","Not observed","Not established","Not established","Not established","Current destination uploader: 40 MiB; 1600 card / 2400 hero / 1920 gallery; native format; legacy sources may predate optimizer","destinations.hero_image","None found by sibling/thumbnail convention","Yes / available through content viewers (family-level source audit)","No OG/twitter image reference found on sampled public pages","No alpha in JPEG","Stored high-resolution/current image may be used by viewer","Deferred; individual context/quality review required","Not established","Review required"
"uploads/destinations/hero_image_20260907221732_37639a7e.jpg","Not observed in sampled initial DOM","image/jpeg","1535x334","137469","Not observed","Not established","Not established","Not established","Current destination uploader: 40 MiB; 1600 card / 2400 hero / 1920 gallery; native format; legacy sources may predate optimizer","destinations.hero_image","None found by sibling/thumbnail convention","Yes / available through content viewers (family-level source audit)","No OG/twitter image reference found on sampled public pages","No alpha in JPEG","Stored high-resolution/current image may be used by viewer","Deferred; individual context/quality review required","Not established","Review required"
"uploads/destinations/hero_image_20260907221757_57f68c4a.jpg","Not observed in sampled initial DOM","image/jpeg","1535x335","92010","Not observed","Not established","Not established","Not established","Current destination uploader: 40 MiB; 1600 card / 2400 hero / 1920 gallery; native format; legacy sources may predate optimizer","destinations.hero_image","None found by sibling/thumbnail convention","Yes / available through content viewers (family-level source audit)","No OG/twitter image reference found on sampled public pages","No alpha in JPEG","Stored high-resolution/current image may be used by viewer","Deferred; individual context/quality review required","Not established","Review required"
"uploads/destinations/hero_image_20260907221815_8ea9598f.jpg","Not observed in sampled initial DOM","image/jpeg","1535x335","85974","Not observed","Not established","Not established","Not established","Current destination uploader: 40 MiB; 1600 card / 2400 hero / 1920 gallery; native format; legacy sources may predate optimizer","destinations.hero_image","None found by sibling/thumbnail convention","Yes / available through content viewers (family-level source audit)","No OG/twitter image reference found on sampled public pages","No alpha in JPEG","Stored high-resolution/current image may be used by viewer","Deferred; individual context/quality review required","Not established","Review required"
"uploads/destinations/hero_image_20260907221831_43b936cd.jpg","Not observed in sampled initial DOM","image/jpeg","1535x334","128530","Not observed","Not established","Not established","Not established","Current destination uploader: 40 MiB; 1600 card / 2400 hero / 1920 gallery; native format; legacy sources may predate optimizer","destinations.hero_image","None found by sibling/thumbnail convention","Yes / available through content viewers (family-level source audit)","No OG/twitter image reference found on sampled public pages","No alpha in JPEG","Stored high-resolution/current image may be used by viewer","Deferred; individual context/quality review required","Not established","Review required"
"uploads/destinations/hero_image_20260907221845_6c613b52.jpg","Not observed in sampled initial DOM","image/jpeg","1535x334","115232","Not observed","Not established","Not established","Not established","Current destination uploader: 40 MiB; 1600 card / 2400 hero / 1920 gallery; native format; legacy sources may predate optimizer","destinations.hero_image","None found by sibling/thumbnail convention","Yes / available through content viewers (family-level source audit)","No OG/twitter image reference found on sampled public pages","No alpha in JPEG","Stored high-resolution/current image may be used by viewer","Deferred; individual context/quality review required","Not established","Review required"
"uploads/destinations/hero_image_20260907221859_efbf032d.jpg","Not observed in sampled initial DOM","image/jpeg","1535x335","96893","Not observed","Not established","Not established","Not established","Current destination uploader: 40 MiB; 1600 card / 2400 hero / 1920 gallery; native format; legacy sources may predate optimizer","destinations.hero_image","None found by sibling/thumbnail convention","Yes / available through content viewers (family-level source audit)","No OG/twitter image reference found on sampled public pages","No alpha in JPEG","Stored high-resolution/current image may be used by viewer","Deferred; individual context/quality review required","Not established","Review required"
"uploads/featured/featured_0f3277555ac79ca4c2e855ade6c2627d.jpg","homepage (audit1); homepage (desktop); homepage (mobile)","image/jpeg","2399x1599","533806","381x300; 0x0","No in sampled initial requests","below fold; hidden","No; Yes","Current featured uploader: 40 MiB / 2400 native format","featured_section.small_image1","None found by sibling/thumbnail convention","Yes / available through content viewers (family-level source audit)","No OG/twitter image reference found on sampled public pages","No alpha in JPEG","Stored high-resolution/current image may be used by viewer","Deferred; individual context/quality review required","Not established","Review required"
"uploads/featured/featured_6d8a455e6b58929bc3a84e5939c869c8.jpg","Not observed in sampled initial DOM","image/jpeg","2399x1599","824275","Not observed","Not established","Not established","Not established","Current featured uploader: 40 MiB / 2400 native format","featured_section.slider_image2","None found by sibling/thumbnail convention","Yes / available through content viewers (family-level source audit)","No OG/twitter image reference found on sampled public pages","No alpha in JPEG","Stored high-resolution/current image may be used by viewer","Deferred; individual context/quality review required","Not established","Review required"
"uploads/featured/featured_92f2761b0e6d4e0cfad4dc16441e52c4.jpg","homepage (audit1); homepage (desktop); homepage (mobile)","image/jpeg","2399x1599","608947","381x300; 0x0","No in sampled initial requests","below fold; hidden","No; Yes","Current featured uploader: 40 MiB / 2400 native format","featured_section.small_image2","None found by sibling/thumbnail convention","Yes / available through content viewers (family-level source audit)","No OG/twitter image reference found on sampled public pages","No alpha in JPEG","Stored high-resolution/current image may be used by viewer","Deferred; individual context/quality review required","Not established","Review required"
"uploads/featured/featured_c11146aa6541e9f6d5968cc3945022a3.jpg","Not observed in sampled initial DOM","image/jpeg","2399x1599","852406","Not observed","Not established","Not established","Not established","Current featured uploader: 40 MiB / 2400 native format","featured_section.slider_image4","None found by sibling/thumbnail convention","Yes / available through content viewers (family-level source audit)","No OG/twitter image reference found on sampled public pages","No alpha in JPEG","Stored high-resolution/current image may be used by viewer","Deferred; individual context/quality review required","Not established","Review required"
"uploads/featured/featured_eaa6f1e665eabe788b68a65fd017bf10.jpg","Not observed in sampled initial DOM","image/jpeg","2399x1599","501949","Not observed","Not established","Not established","Not established","Current featured uploader: 40 MiB / 2400 native format","featured_section.slider_image3","None found by sibling/thumbnail convention","Yes / available through content viewers (family-level source audit)","No OG/twitter image reference found on sampled public pages","No alpha in JPEG","Stored high-resolution/current image may be used by viewer","Deferred; individual context/quality review required","Not established","Review required"
"uploads/guide1.png","packages (audit1); guides (audit1); boats (audit2); hotels (audit2); guide-details (audit3)","image/png","600x600","523877","229x180; 173x185; 651x380","Yes in at least one sampled viewport","below fold; above fold","No","Current guide uploader: 40 MiB / 600","tour_guides.profile_picture","None found by sibling/thumbnail convention","Not established for this file","No OG/twitter image reference found on sampled public pages","Potential alpha; do not discard without inspection","Not established","Deferred; individual context/quality review required","Not established","Review required"
"uploads/guide2.png","packages (audit1); guides (audit1); boats (audit2); hotels (audit2); guide-details (audit3)","image/png","600x600","495680","229x180; 173x185","Yes in at least one sampled viewport","below fold; above fold","No","Current guide uploader: 40 MiB / 600","tour_guides.profile_picture","None found by sibling/thumbnail convention","Not established for this file","No OG/twitter image reference found on sampled public pages","Potential alpha; do not discard without inspection","Not established","Deferred; individual context/quality review required","Not established","Review required"
"uploads/guide3.png","Not observed in sampled initial DOM","image/png","600x600","579320","Not observed","Not established","Not established","Not established","Current guide uploader: 40 MiB / 600","No matching local DB path found","None found by sibling/thumbnail convention","Not established for this file","No OG/twitter image reference found on sampled public pages","Potential alpha; do not discard without inspection","Not established","Deferred; individual context/quality review required","Not established","Review required"
"uploads/guide4.png","packages (audit1); guides (audit1); boats (audit2); hotels (audit2); guide-details (audit3)","image/png","600x600","648789","229x180; 173x185","Yes in at least one sampled viewport","below fold; above fold","No","Current guide uploader: 40 MiB / 600","tour_guides.profile_picture","None found by sibling/thumbnail convention","Not established for this file","No OG/twitter image reference found on sampled public pages","Potential alpha; do not discard without inspection","Not established","Deferred; individual context/quality review required","Not established","Review required"
"uploads/guide5.png","packages (audit1); guides (audit1); boats (audit2); hotels (audit2); guide-details (audit3)","image/png","600x600","604600","229x180; 173x185","Yes in at least one sampled viewport","below fold; above fold","No","Current guide uploader: 40 MiB / 600","tour_guides.profile_picture","None found by sibling/thumbnail convention","Not established for this file","No OG/twitter image reference found on sampled public pages","Potential alpha; do not discard without inspection","Not established","Deferred; individual context/quality review required","Not established","Review required"
"uploads/guide6.png","packages (audit1); guides (audit1); boats (audit2); hotels (audit2); guide-details (audit3)","image/png","600x600","568453","229x180; 173x185","Yes in at least one sampled viewport","below fold; above fold","No","Current guide uploader: 40 MiB / 600","tour_guides.profile_picture","None found by sibling/thumbnail convention","Not established for this file","No OG/twitter image reference found on sampled public pages","Potential alpha; do not discard without inspection","Not established","Deferred; individual context/quality review required","Not established","Review required"
"uploads/guide7.png","packages (audit1); guides (audit1); boats (audit2); hotels (audit2); guide-details (audit3)","image/png","600x600","562808","229x180; 173x185","Yes in at least one sampled viewport","below fold; above fold","No","Current guide uploader: 40 MiB / 600","tour_guides.profile_picture","None found by sibling/thumbnail convention","Not established for this file","No OG/twitter image reference found on sampled public pages","Potential alpha; do not discard without inspection","Not established","Deferred; individual context/quality review required","Not established","Review required"
"uploads/guide_3_af68cff0baa21c23ddb34a99.png","packages (audit1); guides (audit1); boats (audit2); hotels (audit2); guide-details (audit3)","image/png","562x562","483728","229x180; 173x185","Yes in at least one sampled viewport","below fold; above fold","No","Current guide uploader: 40 MiB / 600","tour_guides.profile_picture","None found by sibling/thumbnail convention","Not established for this file","No OG/twitter image reference found on sampled public pages","Potential alpha; do not discard without inspection","Not established","Deferred; individual context/quality review required","Not established","Review required"
"uploads/hotel_contents/content_20260505042200_65a4d28053.jpg","Not observed in sampled initial DOM","image/jpeg","5184x3456","8850074","Not observed","Not established","Not established","Not established","Current hotel uploader: 40 MiB / 1920 WebP86; legacy files may predate optimizer","No matching local DB path found","""uploads/hotel_contents/content_20260505042200_65a4d28053.optimized.webp""","Not established for this file","No OG/twitter image reference found on sampled public pages","No alpha in JPEG","Not established","Deferred; individual context/quality review required","Not established","Review required"
"uploads/hotel_contents/content_20260505042200_65a4d28053.optimized.webp","Not observed in sampled initial DOM","image/webp","1400x933","211646","Not observed","Not established","Not established","Not established","Existing service derivative: width <=1400, WebP76; original retained","No matching local DB path found","None found by sibling/thumbnail convention","Not established for this file","No OG/twitter image reference found on sampled public pages","Potential alpha; do not discard without inspection","Not established","Retain existing behavior","0","Do not recompress"
"uploads/hotel_contents/content_20260505081913_dd21b43934.jpg","Not observed in sampled initial DOM","image/jpeg","5184x3456","8850074","Not observed","Not established","Not established","Not established","Current hotel uploader: 40 MiB / 1920 WebP86; legacy files may predate optimizer","No matching local DB path found","""uploads/hotel_contents/content_20260505081913_dd21b43934.optimized.webp""","Not established for this file","No OG/twitter image reference found on sampled public pages","No alpha in JPEG","Not established","Deferred; individual context/quality review required","Not established","Review required"
"uploads/hotel_contents/content_20260505081913_dd21b43934.optimized.webp","Not observed in sampled initial DOM","image/webp","1400x933","211646","Not observed","Not established","Not established","Not established","Existing service derivative: width <=1400, WebP76; original retained","No matching local DB path found","None found by sibling/thumbnail convention","Not established for this file","No OG/twitter image reference found on sampled public pages","Potential alpha; do not discard without inspection","Not established","Retain existing behavior","0","Do not recompress"
"uploads/hotel_contents/content_20260505082109_866946a9b1.jpg","Not observed in sampled initial DOM","image/jpeg","5184x3456","10504288","Not observed","Not established","Not established","Not established","Current hotel uploader: 40 MiB / 1920 WebP86; legacy files may predate optimizer","No matching local DB path found","""uploads/hotel_contents/content_20260505082109_866946a9b1.optimized.webp""","Not established for this file","No OG/twitter image reference found on sampled public pages","No alpha in JPEG","Not established","Deferred; individual context/quality review required","Not established","Review required"
"uploads/hotel_contents/content_20260505082109_866946a9b1.optimized.webp","Not observed in sampled initial DOM","image/webp","1400x933","296540","Not observed","Not established","Not established","Not established","Existing service derivative: width <=1400, WebP76; original retained","No matching local DB path found","None found by sibling/thumbnail convention","Not established for this file","No OG/twitter image reference found on sampled public pages","Potential alpha; do not discard without inspection","Not established","Retain existing behavior","0","Do not recompress"
"uploads/hotel_contents/content_20260505082138_5d6dc98950.jpg","Not observed in sampled initial DOM","image/jpeg","5184x3456","10504288","Not observed","Not established","Not established","Not established","Current hotel uploader: 40 MiB / 1920 WebP86; legacy files may predate optimizer","No matching local DB path found","""uploads/hotel_contents/content_20260505082138_5d6dc98950.optimized.webp""","Not established for this file","No OG/twitter image reference found on sampled public pages","No alpha in JPEG","Not established","Deferred; individual context/quality review required","Not established","Review required"
"uploads/hotel_contents/content_20260505082138_5d6dc98950.optimized.webp","Not observed in sampled initial DOM","image/webp","1400x933","296540","Not observed","Not established","Not established","Not established","Existing service derivative: width <=1400, WebP76; original retained","No matching local DB path found","None found by sibling/thumbnail convention","Not established for this file","No OG/twitter image reference found on sampled public pages","Potential alpha; do not discard without inspection","Not established","Retain existing behavior","0","Do not recompress"
"uploads/hotel_contents/content_20260507093940_34a47a3b6e.jpg","Not observed in sampled initial DOM","image/jpeg","5184x3456","8850074","Not observed","Not established","Not established","Not established","Current hotel uploader: 40 MiB / 1920 WebP86; legacy files may predate optimizer","No matching local DB path found","""uploads/hotel_contents/content_20260507093940_34a47a3b6e.optimized.webp""","Not established for this file","No OG/twitter image reference found on sampled public pages","No alpha in JPEG","Not established","Deferred; individual context/quality review required","Not established","Review required"
"uploads/hotel_contents/content_20260507093940_34a47a3b6e.optimized.webp","Not observed in sampled initial DOM","image/webp","1400x933","211646","Not observed","Not established","Not established","Not established","Existing service derivative: width <=1400, WebP76; original retained","No matching local DB path found","None found by sibling/thumbnail convention","Not established for this file","No OG/twitter image reference found on sampled public pages","Potential alpha; do not discard without inspection","Not established","Retain existing behavior","0","Do not recompress"
"uploads/hotel_contents/content_20260507105448_e59682613f.jpg","Not observed in sampled initial DOM","image/jpeg","5184x3456","8850074","Not observed","Not established","Not established","Not established","Current hotel uploader: 40 MiB / 1920 WebP86; legacy files may predate optimizer","No matching local DB path found","""uploads/hotel_contents/content_20260507105448_e59682613f.optimized.webp""","Not established for this file","No OG/twitter image reference found on sampled public pages","No alpha in JPEG","Not established","Deferred; individual context/quality review required","Not established","Review required"
"uploads/hotel_contents/content_20260507105448_e59682613f.optimized.webp","Not observed in sampled initial DOM","image/webp","1400x933","211646","Not observed","Not established","Not established","Not established","Existing service derivative: width <=1400, WebP76; original retained","No matching local DB path found","None found by sibling/thumbnail convention","Not established for this file","No OG/twitter image reference found on sampled public pages","Potential alpha; do not discard without inspection","Not established","Retain existing behavior","0","Do not recompress"
"uploads/hotel_contents/content_20260507105708_2c290371e1.jpg","Not observed in sampled initial DOM","image/jpeg","5184x3456","6277411","Not observed","Not established","Not established","Not established","Current hotel uploader: 40 MiB / 1920 WebP86; legacy files may predate optimizer","hotel_resorts.gallery_images_json","""uploads/hotel_contents/content_20260507105708_2c290371e1.optimized.webp""","Yes / available through content viewers (family-level source audit)","No OG/twitter image reference found on sampled public pages","No alpha in JPEG","Stored high-resolution/current image may be used by viewer","Deferred; individual context/quality review required","Not established","Review required"
"uploads/hotel_contents/content_20260507105708_2c290371e1.optimized.webp","Not observed in sampled initial DOM","image/webp","1400x933","89144","Not observed","Not established","Not established","Not established","Existing service derivative: width <=1400, WebP76; original retained","No matching local DB path found","None found by sibling/thumbnail convention","Not established for this file","No OG/twitter image reference found on sampled public pages","Potential alpha; do not discard without inspection","Not established","Retain existing behavior","0","Do not recompress"
"uploads/hotel_contents/content_20260507105708_438ec71cb7.jpg","Not observed in sampled initial DOM","image/jpeg","5184x3456","9693630","Not observed","Not established","Not established","Not established","Current hotel uploader: 40 MiB / 1920 WebP86; legacy files may predate optimizer","hotel_resorts.gallery_images_json","""uploads/hotel_contents/content_20260507105708_438ec71cb7.optimized.webp""","Yes / available through content viewers (family-level source audit)","No OG/twitter image reference found on sampled public pages","No alpha in JPEG","Stored high-resolution/current image may be used by viewer","Deferred; individual context/quality review required","Not established","Review required"
"uploads/hotel_contents/content_20260507105708_438ec71cb7.optimized.webp","Not observed in sampled initial DOM","image/webp","1400x933","265468","Not observed","Not established","Not established","Not established","Existing service derivative: width <=1400, WebP76; original retained","No matching local DB path found","None found by sibling/thumbnail convention","Not established for this file","No OG/twitter image reference found on sampled public pages","Potential alpha; do not discard without inspection","Not established","Retain existing behavior","0","Do not recompress"
"uploads/hotel_contents/content_20260507105708_6af6013c67.jpg","Not observed in sampled initial DOM","image/jpeg","5184x3456","9457117","Not observed","Not established","Not established","Not established","Current hotel uploader: 40 MiB / 1920 WebP86; legacy files may predate optimizer","hotel_resorts.gallery_images_json","""uploads/hotel_contents/content_20260507105708_6af6013c67.optimized.webp""","Yes / available through content viewers (family-level source audit)","No OG/twitter image reference found on sampled public pages","No alpha in JPEG","Stored high-resolution/current image may be used by viewer","Deferred; individual context/quality review required","Not established","Review required"
"uploads/hotel_contents/content_20260507105708_6af6013c67.optimized.webp","Not observed in sampled initial DOM","image/webp","1400x933","194448","Not observed","Not established","Not established","Not established","Existing service derivative: width <=1400, WebP76; original retained","No matching local DB path found","None found by sibling/thumbnail convention","Not established for this file","No OG/twitter image reference found on sampled public pages","Potential alpha; do not discard without inspection","Not established","Retain existing behavior","0","Do not recompress"
"uploads/hotel_contents/content_20260507105708_72edb83e8e.jpg","Not observed in sampled initial DOM","image/jpeg","5184x3456","7140816","Not observed","Not established","Not established","Not established","Current hotel uploader: 40 MiB / 1920 WebP86; legacy files may predate optimizer","hotel_resorts.gallery_images_json","""uploads/hotel_contents/content_20260507105708_72edb83e8e.optimized.webp""","Yes / available through content viewers (family-level source audit)","No OG/twitter image reference found on sampled public pages","No alpha in JPEG","Stored high-resolution/current image may be used by viewer","Deferred; individual context/quality review required","Not established","Review required"
"uploads/hotel_contents/content_20260507105708_72edb83e8e.optimized.webp","Not observed in sampled initial DOM","image/webp","1400x933","170450","Not observed","Not established","Not established","Not established","Existing service derivative: width <=1400, WebP76; original retained","No matching local DB path found","None found by sibling/thumbnail convention","Not established for this file","No OG/twitter image reference found on sampled public pages","Potential alpha; do not discard without inspection","Not established","Retain existing behavior","0","Do not recompress"
"uploads/hotel_contents/content_20260507105708_7afd1431d4.jpg","Not observed in sampled initial DOM","image/jpeg","5184x3456","11780548","Not observed","Not established","Not established","Not established","Current hotel uploader: 40 MiB / 1920 WebP86; legacy files may predate optimizer","hotel_resorts.gallery_images_json","""uploads/hotel_contents/content_20260507105708_7afd1431d4.optimized.webp""","Yes / available through content viewers (family-level source audit)","No OG/twitter image reference found on sampled public pages","No alpha in JPEG","Stored high-resolution/current image may be used by viewer","Deferred; individual context/quality review required","Not established","Review required"
"uploads/hotel_contents/content_20260507105708_7afd1431d4.optimized.webp","Not observed in sampled initial DOM","image/webp","1400x933","314294","Not observed","Not established","Not established","Not established","Existing service derivative: width <=1400, WebP76; original retained","No matching local DB path found","None found by sibling/thumbnail convention","Not established for this file","No OG/twitter image reference found on sampled public pages","Potential alpha; do not discard without inspection","Not established","Retain existing behavior","0","Do not recompress"
"uploads/hotel_contents/content_20260507105708_7b673b10a2.jpg","Not observed in sampled initial DOM","image/jpeg","5184x3456","9428054","Not observed","Not established","Not established","Not established","Current hotel uploader: 40 MiB / 1920 WebP86; legacy files may predate optimizer","hotel_resorts.gallery_images_json","""uploads/hotel_contents/content_20260507105708_7b673b10a2.optimized.webp""","Yes / available through content viewers (family-level source audit)","No OG/twitter image reference found on sampled public pages","No alpha in JPEG","Stored high-resolution/current image may be used by viewer","Deferred; individual context/quality review required","Not established","Review required"
"uploads/hotel_contents/content_20260507105708_7b673b10a2.optimized.webp","Not observed in sampled initial DOM","image/webp","1400x933","221678","Not observed","Not established","Not established","Not established","Existing service derivative: width <=1400, WebP76; original retained","No matching local DB path found","None found by sibling/thumbnail convention","Not established for this file","No OG/twitter image reference found on sampled public pages","Potential alpha; do not discard without inspection","Not established","Retain existing behavior","0","Do not recompress"
"uploads/hotel_contents/content_20260507105708_d0ba3fa2b3.jpg","Not observed in sampled initial DOM","image/jpeg","5184x3456","12275096","Not observed","Not established","Not established","Not established","Current hotel uploader: 40 MiB / 1920 WebP86; legacy files may predate optimizer","hotel_resorts.gallery_images_json","""uploads/hotel_contents/content_20260507105708_d0ba3fa2b3.optimized.webp""","Yes / available through content viewers (family-level source audit)","No OG/twitter image reference found on sampled public pages","No alpha in JPEG","Stored high-resolution/current image may be used by viewer","Deferred; individual context/quality review required","Not established","Review required"
"uploads/hotel_contents/content_20260507105708_d0ba3fa2b3.optimized.webp","Not observed in sampled initial DOM","image/webp","1400x933","346470","Not observed","Not established","Not established","Not established","Existing service derivative: width <=1400, WebP76; original retained","No matching local DB path found","None found by sibling/thumbnail convention","Not established for this file","No OG/twitter image reference found on sampled public pages","Potential alpha; do not discard without inspection","Not established","Retain existing behavior","0","Do not recompress"
"uploads/hotel_contents/content_20260507164041_78ba73525b.jpg","Not observed in sampled initial DOM","image/jpeg","5184x3456","6729128","Not observed","Not established","Not established","Not established","Current hotel uploader: 40 MiB / 1920 WebP86; legacy files may predate optimizer","No matching local DB path found","""uploads/hotel_contents/content_20260507164041_78ba73525b.optimized.webp""","Not established for this file","No OG/twitter image reference found on sampled public pages","No alpha in JPEG","Not established","Deferred; individual context/quality review required","Not established","Review required"
"uploads/hotel_contents/content_20260507164041_78ba73525b.optimized.webp","Not observed in sampled initial DOM","image/webp","1400x933","164638","Not observed","Not established","Not established","Not established","Existing service derivative: width <=1400, WebP76; original retained","No matching local DB path found","None found by sibling/thumbnail convention","Not established for this file","No OG/twitter image reference found on sampled public pages","Potential alpha; do not discard without inspection","Not established","Retain existing behavior","0","Do not recompress"
"uploads/hotel_contents/content_20260507164104_95ed61374a.jpg","Not observed in sampled initial DOM","image/jpeg","5184x3456","7798308","Not observed","Not established","Not established","Not established","Current hotel uploader: 40 MiB / 1920 WebP86; legacy files may predate optimizer","No matching local DB path found","""uploads/hotel_contents/content_20260507164104_95ed61374a.optimized.webp""","Not established for this file","No OG/twitter image reference found on sampled public pages","No alpha in JPEG","Not established","Deferred; individual context/quality review required","Not established","Review required"
"uploads/hotel_contents/content_20260507164104_95ed61374a.optimized.webp","Not observed in sampled initial DOM","image/webp","1400x933","204392","Not observed","Not established","Not established","Not established","Existing service derivative: width <=1400, WebP76; original retained","No matching local DB path found","None found by sibling/thumbnail convention","Not established for this file","No OG/twitter image reference found on sampled public pages","Potential alpha; do not discard without inspection","Not established","Retain existing behavior","0","Do not recompress"
"uploads/hotel_contents/content_20260507164229_19a1ee0a7d.jpg","room-details (audit3)","image/jpeg","5184x3456","5213388","139x90","Yes in at least one sampled viewport","above fold","No","Current hotel uploader: 40 MiB / 1920 WebP86; legacy files may predate optimizer","hotel_resorts.gallery_images_json","""uploads/hotel_contents/content_20260507164229_19a1ee0a7d.optimized.webp""","Yes / available through content viewers (family-level source audit)","No OG/twitter image reference found on sampled public pages","No alpha in JPEG","Stored high-resolution/current image may be used by viewer","Potential dedicated high-quality card derivative; deferred","Not established","High if original also used by viewer"
"uploads/hotel_contents/content_20260507164229_19a1ee0a7d.optimized.webp","Not observed in sampled initial DOM","image/webp","1400x933","88938","Not observed","Not established","Not established","Not established","Existing service derivative: width <=1400, WebP76; original retained","No matching local DB path found","None found by sibling/thumbnail convention","Not established for this file","No OG/twitter image reference found on sampled public pages","Potential alpha; do not discard without inspection","Not established","Retain existing behavior","0","Do not recompress"
"uploads/hotel_contents/content_20260507164229_31ec2ffad5.jpg","room-details (audit3)","image/jpeg","5184x3456","6389519","298x263","Yes in at least one sampled viewport","above fold","No","Current hotel uploader: 40 MiB / 1920 WebP86; legacy files may predate optimizer","hotel_resorts.gallery_images_json","""uploads/hotel_contents/content_20260507164229_31ec2ffad5.optimized.webp""","Yes / available through content viewers (family-level source audit)","No OG/twitter image reference found on sampled public pages","No alpha in JPEG","Stored high-resolution/current image may be used by viewer","Potential dedicated high-quality card derivative; deferred","Not established","High if original also used by viewer"
"uploads/hotel_contents/content_20260507164229_31ec2ffad5.optimized.webp","Not observed in sampled initial DOM","image/webp","1400x933","93250","Not observed","Not established","Not established","Not established","Existing service derivative: width <=1400, WebP76; original retained","No matching local DB path found","None found by sibling/thumbnail convention","Not established for this file","No OG/twitter image reference found on sampled public pages","Potential alpha; do not discard without inspection","Not established","Retain existing behavior","0","Do not recompress"
"uploads/hotel_contents/content_20260507164229_418919eedf.jpg","room-details (audit3)","image/jpeg","5184x3456","6729128","139x90","Yes in at least one sampled viewport","above fold","No","Current hotel uploader: 40 MiB / 1920 WebP86; legacy files may predate optimizer","hotel_resorts.gallery_images_json","""uploads/hotel_contents/content_20260507164229_418919eedf.optimized.webp""","Yes / available through content viewers (family-level source audit)","No OG/twitter image reference found on sampled public pages","No alpha in JPEG","Stored high-resolution/current image may be used by viewer","Potential dedicated high-quality card derivative; deferred","Not established","High if original also used by viewer"
"uploads/hotel_contents/content_20260507164229_418919eedf.optimized.webp","Not observed in sampled initial DOM","image/webp","1400x933","164638","Not observed","Not established","Not established","Not established","Existing service derivative: width <=1400, WebP76; original retained","No matching local DB path found","None found by sibling/thumbnail convention","Not established for this file","No OG/twitter image reference found on sampled public pages","Potential alpha; do not discard without inspection","Not established","Retain existing behavior","0","Do not recompress"
"uploads/hotel_contents/content_20260507164229_99cf71a474.jpg","room-details (audit3)","image/jpeg","5184x3456","5966634","139x90","Yes in at least one sampled viewport","above fold","No","Current hotel uploader: 40 MiB / 1920 WebP86; legacy files may predate optimizer","hotel_resorts.gallery_images_json","""uploads/hotel_contents/content_20260507164229_99cf71a474.optimized.webp""","Yes / available through content viewers (family-level source audit)","No OG/twitter image reference found on sampled public pages","No alpha in JPEG","Stored high-resolution/current image may be used by viewer","Potential dedicated high-quality card derivative; deferred","Not established","High if original also used by viewer"
"uploads/hotel_contents/content_20260507164229_99cf71a474.optimized.webp","Not observed in sampled initial DOM","image/webp","1400x933","137510","Not observed","Not established","Not established","Not established","Existing service derivative: width <=1400, WebP76; original retained","No matching local DB path found","None found by sibling/thumbnail convention","Not established for this file","No OG/twitter image reference found on sampled public pages","Potential alpha; do not discard without inspection","Not established","Retain existing behavior","0","Do not recompress"
"uploads/hotel_contents/content_20260507164229_afb43b7c38.jpg","room-details (audit3)","image/jpeg","5184x3456","6154864","139x90","Yes in at least one sampled viewport","above fold","No","Current hotel uploader: 40 MiB / 1920 WebP86; legacy files may predate optimizer","hotel_resorts.gallery_images_json","""uploads/hotel_contents/content_20260507164229_afb43b7c38.optimized.webp""","Yes / available through content viewers (family-level source audit)","No OG/twitter image reference found on sampled public pages","No alpha in JPEG","Stored high-resolution/current image may be used by viewer","Potential dedicated high-quality card derivative; deferred","Not established","High if original also used by viewer"
"uploads/hotel_contents/content_20260507164229_afb43b7c38.optimized.webp","Not observed in sampled initial DOM","image/webp","1400x933","130430","Not observed","Not established","Not established","Not established","Existing service derivative: width <=1400, WebP76; original retained","No matching local DB path found","None found by sibling/thumbnail convention","Not established for this file","No OG/twitter image reference found on sampled public pages","Potential alpha; do not discard without inspection","Not established","Retain existing behavior","0","Do not recompress"
"uploads/hotel_contents/content_20260507164229_d974e71790.jpg","room-details (audit3)","image/jpeg","5184x3456","5658248","139x90","Yes in at least one sampled viewport","above fold","No","Current hotel uploader: 40 MiB / 1920 WebP86; legacy files may predate optimizer","hotel_resorts.gallery_images_json","""uploads/hotel_contents/content_20260507164229_d974e71790.optimized.webp""","Yes / available through content viewers (family-level source audit)","No OG/twitter image reference found on sampled public pages","No alpha in JPEG","Stored high-resolution/current image may be used by viewer","Potential dedicated high-quality card derivative; deferred","Not established","High if original also used by viewer"
"uploads/hotel_contents/content_20260507164229_d974e71790.optimized.webp","Not observed in sampled initial DOM","image/webp","1400x933","118786","Not observed","Not established","Not established","Not established","Existing service derivative: width <=1400, WebP76; original retained","No matching local DB path found","None found by sibling/thumbnail convention","Not established for this file","No OG/twitter image reference found on sampled public pages","Potential alpha; do not discard without inspection","Not established","Retain existing behavior","0","Do not recompress"
"uploads/hotel_contents/content_20260507164229_f6519e758e.jpg","room-details (audit3)","image/jpeg","5184x3456","8524933","139x90","Yes in at least one sampled viewport","above fold","No","Current hotel uploader: 40 MiB / 1920 WebP86; legacy files may predate optimizer","hotel_resorts.gallery_images_json","""uploads/hotel_contents/content_20260507164229_f6519e758e.optimized.webp""","Yes / available through content viewers (family-level source audit)","No OG/twitter image reference found on sampled public pages","No alpha in JPEG","Stored high-resolution/current image may be used by viewer","Potential dedicated high-quality card derivative; deferred","Not established","High if original also used by viewer"
"uploads/hotel_contents/content_20260507164229_f6519e758e.optimized.webp","Not observed in sampled initial DOM","image/webp","1400x933","189526","Not observed","Not established","Not established","Not established","Existing service derivative: width <=1400, WebP76; original retained","No matching local DB path found","None found by sibling/thumbnail convention","Not established for this file","No OG/twitter image reference found on sampled public pages","Potential alpha; do not discard without inspection","Not established","Retain existing behavior","0","Do not recompress"
"uploads/hotel_contents/content_20260507165200_7fab3cc679.jpg","Not observed in sampled initial DOM","image/jpeg","5184x3456","9501117","Not observed","Not established","Not established","Not established","Current hotel uploader: 40 MiB / 1920 WebP86; legacy files may predate optimizer","No matching local DB path found","""uploads/hotel_contents/content_20260507165200_7fab3cc679.optimized.webp""","Not established for this file","No OG/twitter image reference found on sampled public pages","No alpha in JPEG","Not established","Deferred; individual context/quality review required","Not established","Review required"
"uploads/hotel_contents/content_20260507165200_7fab3cc679.optimized.webp","Not observed in sampled initial DOM","image/webp","1400x933","272612","Not observed","Not established","Not established","Not established","Existing service derivative: width <=1400, WebP76; original retained","No matching local DB path found","None found by sibling/thumbnail convention","Not established for this file","No OG/twitter image reference found on sampled public pages","Potential alpha; do not discard without inspection","Not established","Retain existing behavior","0","Do not recompress"
"uploads/hotel_contents/content_20260507165344_2ae4b5459a.jpg","Not observed in sampled initial DOM","image/jpeg","5184x3456","7826349","Not observed","Not established","Not established","Not established","Current hotel uploader: 40 MiB / 1920 WebP86; legacy files may predate optimizer","No matching local DB path found","""uploads/hotel_contents/content_20260507165344_2ae4b5459a.optimized.webp""","Not established for this file","No OG/twitter image reference found on sampled public pages","No alpha in JPEG","Not established","Deferred; individual context/quality review required","Not established","Review required"
"uploads/hotel_contents/content_20260507165344_2ae4b5459a.optimized.webp","Not observed in sampled initial DOM","image/webp","1400x933","210518","Not observed","Not established","Not established","Not established","Existing service derivative: width <=1400, WebP76; original retained","No matching local DB path found","None found by sibling/thumbnail convention","Not established for this file","No OG/twitter image reference found on sampled public pages","Potential alpha; do not discard without inspection","Not established","Retain existing behavior","0","Do not recompress"
"uploads/hotel_contents/content_20260507165344_4c2b534179.jpg","hotel-details (audit2)","image/jpeg","5184x3456","12350628","139x90","Yes in at least one sampled viewport","above fold","No","Current hotel uploader: 40 MiB / 1920 WebP86; legacy files may predate optimizer","hotel_resorts.gallery_images_json","""uploads/hotel_contents/content_20260507165344_4c2b534179.optimized.webp""","Yes / available through content viewers (family-level source audit)","No OG/twitter image reference found on sampled public pages","No alpha in JPEG","Stored high-resolution/current image may be used by viewer","Potential dedicated high-quality card derivative; deferred","Not established","High if original also used by viewer"
"uploads/hotel_contents/content_20260507165344_4c2b534179.optimized.webp","Not observed in sampled initial DOM","image/webp","1400x933","382842","Not observed","Not established","Not established","Not established","Existing service derivative: width <=1400, WebP76; original retained","No matching local DB path found","None found by sibling/thumbnail convention","Not established for this file","No OG/twitter image reference found on sampled public pages","Potential alpha; do not discard without inspection","Not established","Retain existing behavior","0","Do not recompress"
"uploads/hotel_contents/content_20260507165344_5219ed9ce0.jpg","hotel-details (audit2)","image/jpeg","5184x3456","4761467","139x90","Yes in at least one sampled viewport","above fold","No","Current hotel uploader: 40 MiB / 1920 WebP86; legacy files may predate optimizer","hotel_resorts.gallery_images_json","""uploads/hotel_contents/content_20260507165344_5219ed9ce0.optimized.webp""","Yes / available through content viewers (family-level source audit)","No OG/twitter image reference found on sampled public pages","No alpha in JPEG","Stored high-resolution/current image may be used by viewer","Potential dedicated high-quality card derivative; deferred","Not established","High if original also used by viewer"
"uploads/hotel_contents/content_20260507165344_5219ed9ce0.optimized.webp","Not observed in sampled initial DOM","image/webp","1400x933","57344","Not observed","Not established","Not established","Not established","Existing service derivative: width <=1400, WebP76; original retained","No matching local DB path found","None found by sibling/thumbnail convention","Not established for this file","No OG/twitter image reference found on sampled public pages","Potential alpha; do not discard without inspection","Not established","Retain existing behavior","0","Do not recompress"
"uploads/hotel_contents/content_20260507165344_6e031ae4df.jpg","Not observed in sampled initial DOM","image/jpeg","5184x3456","11082512","Not observed","Not established","Not established","Not established","Current hotel uploader: 40 MiB / 1920 WebP86; legacy files may predate optimizer","No matching local DB path found","""uploads/hotel_contents/content_20260507165344_6e031ae4df.optimized.webp""","Not established for this file","No OG/twitter image reference found on sampled public pages","No alpha in JPEG","Not established","Deferred; individual context/quality review required","Not established","Review required"
"uploads/hotel_contents/content_20260507165344_6e031ae4df.optimized.webp","Not observed in sampled initial DOM","image/webp","1400x933","363644","Not observed","Not established","Not established","Not established","Existing service derivative: width <=1400, WebP76; original retained","No matching local DB path found","None found by sibling/thumbnail convention","Not established for this file","No OG/twitter image reference found on sampled public pages","Potential alpha; do not discard without inspection","Not established","Retain existing behavior","0","Do not recompress"
"uploads/hotel_contents/content_20260507165344_9358189298.jpg","hotel-details (audit2)","image/jpeg","5184x3456","9997502","139x90","Yes in at least one sampled viewport","above fold","No","Current hotel uploader: 40 MiB / 1920 WebP86; legacy files may predate optimizer","hotel_resorts.gallery_images_json","""uploads/hotel_contents/content_20260507165344_9358189298.optimized.webp""","Yes / available through content viewers (family-level source audit)","No OG/twitter image reference found on sampled public pages","No alpha in JPEG","Stored high-resolution/current image may be used by viewer","Potential dedicated high-quality card derivative; deferred","Not established","High if original also used by viewer"
"uploads/hotel_contents/content_20260507165344_9358189298.optimized.webp","Not observed in sampled initial DOM","image/webp","1400x933","307766","Not observed","Not established","Not established","Not established","Existing service derivative: width <=1400, WebP76; original retained","No matching local DB path found","None found by sibling/thumbnail convention","Not established for this file","No OG/twitter image reference found on sampled public pages","Potential alpha; do not discard without inspection","Not established","Retain existing behavior","0","Do not recompress"
"uploads/hotel_contents/content_20260507165344_cf1cdce909.jpg","hotel-details (audit2)","image/jpeg","5184x3456","7224650","139x90","Yes in at least one sampled viewport","above fold","No","Current hotel uploader: 40 MiB / 1920 WebP86; legacy files may predate optimizer","hotel_resorts.gallery_images_json","""uploads/hotel_contents/content_20260507165344_cf1cdce909.optimized.webp""","Yes / available through content viewers (family-level source audit)","No OG/twitter image reference found on sampled public pages","No alpha in JPEG","Stored high-resolution/current image may be used by viewer","Potential dedicated high-quality card derivative; deferred","Not established","High if original also used by viewer"
"uploads/hotel_contents/content_20260507165344_cf1cdce909.optimized.webp","Not observed in sampled initial DOM","image/webp","1400x933","184808","Not observed","Not established","Not established","Not established","Existing service derivative: width <=1400, WebP76; original retained","No matching local DB path found","None found by sibling/thumbnail convention","Not established for this file","No OG/twitter image reference found on sampled public pages","Potential alpha; do not discard without inspection","Not established","Retain existing behavior","0","Do not recompress"
"uploads/hotel_contents/content_20260507165344_f3053029d0.jpg","hotel-details (audit2)","image/jpeg","5184x3456","10871093","139x90","Yes in at least one sampled viewport","above fold","No","Current hotel uploader: 40 MiB / 1920 WebP86; legacy files may predate optimizer","hotel_resorts.gallery_images_json","""uploads/hotel_contents/content_20260507165344_f3053029d0.optimized.webp""","Yes / available through content viewers (family-level source audit)","No OG/twitter image reference found on sampled public pages","No alpha in JPEG","Stored high-resolution/current image may be used by viewer","Potential dedicated high-quality card derivative; deferred","Not established","High if original also used by viewer"
"uploads/hotel_contents/content_20260507165344_f3053029d0.optimized.webp","Not observed in sampled initial DOM","image/webp","1400x933","331330","Not observed","Not established","Not established","Not established","Existing service derivative: width <=1400, WebP76; original retained","No matching local DB path found","None found by sibling/thumbnail convention","Not established for this file","No OG/twitter image reference found on sampled public pages","Potential alpha; do not discard without inspection","Not established","Retain existing behavior","0","Do not recompress"
"uploads/hotel_contents/content_20260507165512_5739970524.jpg","hotel-details (audit2)","image/jpeg","5184x3456","10960820","139x90","Yes in at least one sampled viewport","above fold","No","Current hotel uploader: 40 MiB / 1920 WebP86; legacy files may predate optimizer","hotel_resorts.gallery_images_json","""uploads/hotel_contents/content_20260507165512_5739970524.optimized.webp""","Yes / available through content viewers (family-level source audit)","No OG/twitter image reference found on sampled public pages","No alpha in JPEG","Stored high-resolution/current image may be used by viewer","Potential dedicated high-quality card derivative; deferred","Not established","High if original also used by viewer"
"uploads/hotel_contents/content_20260507165512_5739970524.optimized.webp","Not observed in sampled initial DOM","image/webp","1400x933","323108","Not observed","Not established","Not established","Not established","Existing service derivative: width <=1400, WebP76; original retained","No matching local DB path found","None found by sibling/thumbnail convention","Not established for this file","No OG/twitter image reference found on sampled public pages","Potential alpha; do not discard without inspection","Not established","Retain existing behavior","0","Do not recompress"
"uploads/hotel_contents/content_20260507165512_63e184eeb5.jpg","hotel-details (audit2)","image/jpeg","5184x3456","6755805","298x263","Yes in at least one sampled viewport","above fold","No","Current hotel uploader: 40 MiB / 1920 WebP86; legacy files may predate optimizer","hotel_resorts.gallery_images_json","""uploads/hotel_contents/content_20260507165512_63e184eeb5.optimized.webp""","Yes / available through content viewers (family-level source audit)","No OG/twitter image reference found on sampled public pages","No alpha in JPEG","Stored high-resolution/current image may be used by viewer","Potential dedicated high-quality card derivative; deferred","Not established","High if original also used by viewer"
"uploads/hotel_contents/content_20260507165512_63e184eeb5.optimized.webp","Not observed in sampled initial DOM","image/webp","1400x933","138460","Not observed","Not established","Not established","Not established","Existing service derivative: width <=1400, WebP76; original retained","No matching local DB path found","None found by sibling/thumbnail convention","Not established for this file","No OG/twitter image reference found on sampled public pages","Potential alpha; do not discard without inspection","Not established","Retain existing behavior","0","Do not recompress"
"uploads/hotel_contents/content_20260507165512_ec0291728c.jpg","Not observed in sampled initial DOM","image/jpeg","5184x3456","7826349","Not observed","Not established","Not established","Not established","Current hotel uploader: 40 MiB / 1920 WebP86; legacy files may predate optimizer","hotel_resorts.gallery_images_json","""uploads/hotel_contents/content_20260507165512_ec0291728c.optimized.webp""","Yes / available through content viewers (family-level source audit)","No OG/twitter image reference found on sampled public pages","No alpha in JPEG","Stored high-resolution/current image may be used by viewer","Deferred; individual context/quality review required","Not established","Review required"
"uploads/hotel_contents/content_20260507165512_ec0291728c.optimized.webp","Not observed in sampled initial DOM","image/webp","1400x933","210518","Not observed","Not established","Not established","Not established","Existing service derivative: width <=1400, WebP76; original retained","No matching local DB path found","None found by sibling/thumbnail convention","Not established for this file","No OG/twitter image reference found on sampled public pages","Potential alpha; do not discard without inspection","Not established","Retain existing behavior","0","Do not recompress"
"uploads/hotel_contents/content_20260507165535_428a66065e.jpg","Not observed in sampled initial DOM","image/jpeg","5184x3456","7018112","Not observed","Not established","Not established","Not established","Current hotel uploader: 40 MiB / 1920 WebP86; legacy files may predate optimizer","hotel_resorts.gallery_images_json","""uploads/hotel_contents/content_20260507165535_428a66065e.optimized.webp""","Yes / available through content viewers (family-level source audit)","No OG/twitter image reference found on sampled public pages","No alpha in JPEG","Stored high-resolution/current image may be used by viewer","Deferred; individual context/quality review required","Not established","Review required"
"uploads/hotel_contents/content_20260507165535_428a66065e.optimized.webp","Not observed in sampled initial DOM","image/webp","1400x933","172026","Not observed","Not established","Not established","Not established","Existing service derivative: width <=1400, WebP76; original retained","No matching local DB path found","None found by sibling/thumbnail convention","Not established for this file","No OG/twitter image reference found on sampled public pages","Potential alpha; do not discard without inspection","Not established","Retain existing behavior","0","Do not recompress"
"uploads/hotel_contents/content_20260508165206_6362fe07be.jpg","hotel-details (audit2)","image/jpeg","5184x3456","7778592","32x32","Yes in at least one sampled viewport","above fold","No","Current hotel uploader: 40 MiB / 1920 WebP86; legacy files may predate optimizer","hotel_resorts.image_path","""uploads/hotel_contents/content_20260508165206_6362fe07be.optimized.webp""","Yes / available through content viewers (family-level source audit)","No OG/twitter image reference found on sampled public pages","No alpha in JPEG","Stored high-resolution/current image may be used by viewer","Potential dedicated high-quality card derivative; deferred","Not established","High if original also used by viewer"
"uploads/hotel_contents/content_20260508165206_6362fe07be.optimized.webp","packages (audit1); guides (audit1); boats (audit2); hotels (audit2)","image/webp","1400x933","214890","229x180; 0x0","Yes in at least one sampled viewport","above fold; hidden","No; Yes","Existing service derivative: width <=1400, WebP76; original retained","No matching local DB path found","None found by sibling/thumbnail convention","Not established for this file","No OG/twitter image reference found on sampled public pages","Potential alpha; do not discard without inspection","Not established","Retain existing behavior","0","Do not recompress"
"uploads/hotel_contents/content_20260508165332_1e8be0e181.jpg","Not observed in sampled initial DOM","image/jpeg","5184x3456","6150243","Not observed","Not established","Not established","Not established","Current hotel uploader: 40 MiB / 1920 WebP86; legacy files may predate optimizer","hotel_resorts.gallery_images_json","""uploads/hotel_contents/content_20260508165332_1e8be0e181.optimized.webp""","Yes / available through content viewers (family-level source audit)","No OG/twitter image reference found on sampled public pages","No alpha in JPEG","Stored high-resolution/current image may be used by viewer","Deferred; individual context/quality review required","Not established","Review required"
"uploads/hotel_contents/content_20260508165332_1e8be0e181.optimized.webp","Not observed in sampled initial DOM","image/webp","1400x933","114146","Not observed","Not established","Not established","Not established","Existing service derivative: width <=1400, WebP76; original retained","No matching local DB path found","None found by sibling/thumbnail convention","Not established for this file","No OG/twitter image reference found on sampled public pages","Potential alpha; do not discard without inspection","Not established","Retain existing behavior","0","Do not recompress"
"uploads/hotel_contents/content_20260508165332_37473c1378.jpg","Not observed in sampled initial DOM","image/jpeg","5184x3456","4837450","Not observed","Not established","Not established","Not established","Current hotel uploader: 40 MiB / 1920 WebP86; legacy files may predate optimizer","hotel_resorts.gallery_images_json","""uploads/hotel_contents/content_20260508165332_37473c1378.optimized.webp""","Yes / available through content viewers (family-level source audit)","No OG/twitter image reference found on sampled public pages","No alpha in JPEG","Stored high-resolution/current image may be used by viewer","Deferred; individual context/quality review required","Not established","Review required"
"uploads/hotel_contents/content_20260508165332_37473c1378.optimized.webp","Not observed in sampled initial DOM","image/webp","1400x933","67092","Not observed","Not established","Not established","Not established","Existing service derivative: width <=1400, WebP76; original retained","No matching local DB path found","None found by sibling/thumbnail convention","Not established for this file","No OG/twitter image reference found on sampled public pages","Potential alpha; do not discard without inspection","Not established","Retain existing behavior","0","Do not recompress"
"uploads/hotel_contents/content_20260508165332_8e451874f5.jpg","Not observed in sampled initial DOM","image/jpeg","5184x3456","7171950","Not observed","Not established","Not established","Not established","Current hotel uploader: 40 MiB / 1920 WebP86; legacy files may predate optimizer","hotel_resorts.gallery_images_json","""uploads/hotel_contents/content_20260508165332_8e451874f5.optimized.webp""","Yes / available through content viewers (family-level source audit)","No OG/twitter image reference found on sampled public pages","No alpha in JPEG","Stored high-resolution/current image may be used by viewer","Deferred; individual context/quality review required","Not established","Review required"
"uploads/hotel_contents/content_20260508165332_8e451874f5.optimized.webp","Not observed in sampled initial DOM","image/webp","1400x933","165566","Not observed","Not established","Not established","Not established","Existing service derivative: width <=1400, WebP76; original retained","No matching local DB path found","None found by sibling/thumbnail convention","Not established for this file","No OG/twitter image reference found on sampled public pages","Potential alpha; do not discard without inspection","Not established","Retain existing behavior","0","Do not recompress"
"uploads/hotel_contents/content_20260508165332_ba7d6121ab.jpg","Not observed in sampled initial DOM","image/jpeg","5184x3456","5510766","Not observed","Not established","Not established","Not established","Current hotel uploader: 40 MiB / 1920 WebP86; legacy files may predate optimizer","hotel_resorts.gallery_images_json","""uploads/hotel_contents/content_20260508165332_ba7d6121ab.optimized.webp""","Yes / available through content viewers (family-level source audit)","No OG/twitter image reference found on sampled public pages","No alpha in JPEG","Stored high-resolution/current image may be used by viewer","Deferred; individual context/quality review required","Not established","Review required"
"uploads/hotel_contents/content_20260508165332_ba7d6121ab.optimized.webp","Not observed in sampled initial DOM","image/webp","1400x933","97228","Not observed","Not established","Not established","Not established","Existing service derivative: width <=1400, WebP76; original retained","No matching local DB path found","None found by sibling/thumbnail convention","Not established for this file","No OG/twitter image reference found on sampled public pages","Potential alpha; do not discard without inspection","Not established","Retain existing behavior","0","Do not recompress"
"uploads/hotel_contents/content_20260508165332_cdde2e1045.jpg","Not observed in sampled initial DOM","image/jpeg","5184x3456","5664767","Not observed","Not established","Not established","Not established","Current hotel uploader: 40 MiB / 1920 WebP86; legacy files may predate optimizer","hotel_resorts.gallery_images_json","""uploads/hotel_contents/content_20260508165332_cdde2e1045.optimized.webp""","Yes / available through content viewers (family-level source audit)","No OG/twitter image reference found on sampled public pages","No alpha in JPEG","Stored high-resolution/current image may be used by viewer","Deferred; individual context/quality review required","Not established","Review required"
"uploads/hotel_contents/content_20260508165332_cdde2e1045.optimized.webp","Not observed in sampled initial DOM","image/webp","1400x933","109228","Not observed","Not established","Not established","Not established","Existing service derivative: width <=1400, WebP76; original retained","No matching local DB path found","None found by sibling/thumbnail convention","Not established for this file","No OG/twitter image reference found on sampled public pages","Potential alpha; do not discard without inspection","Not established","Retain existing behavior","0","Do not recompress"
"uploads/hotel_contents/content_20260508165749_fa6df893ed.jpg","homepage (audit1); hotel-details (audit2); room-details (audit3); homepage (desktop); homepage (mobile)","image/jpeg","5184x3456","12275096","0x0; 32x32","Yes in at least one sampled viewport","hidden; above fold","Yes; No","Current hotel uploader: 40 MiB / 1920 WebP86; legacy files may predate optimizer","hotel_resorts.image_path","""uploads/hotel_contents/content_20260508165749_fa6df893ed.optimized.webp""","Yes / available through content viewers (family-level source audit)","No OG/twitter image reference found on sampled public pages","No alpha in JPEG","Stored high-resolution/current image may be used by viewer","Potential dedicated high-quality card derivative; deferred","Not established","High if original also used by viewer"
"uploads/hotel_contents/content_20260508165749_fa6df893ed.optimized.webp","packages (audit1); guides (audit1); boats (audit2); hotels (audit2)","image/webp","1400x933","346470","232x180; 0x0","Yes in at least one sampled viewport","above fold; hidden","No; Yes","Existing service derivative: width <=1400, WebP76; original retained","No matching local DB path found","None found by sibling/thumbnail convention","Not established for this file","No OG/twitter image reference found on sampled public pages","Potential alpha; do not discard without inspection","Not established","Retain existing behavior","0","Do not recompress"
"uploads/hotel_contents/content_20260508170107_a5b4ce6b83.jpg","room-details (audit3)","image/jpeg","5184x3456","5837965","872x360; 32x32; 0x0","Yes in at least one sampled viewport","above fold; hidden","No; Yes","Current hotel uploader: 40 MiB / 1920 WebP86; legacy files may predate optimizer","hotel_resorts.image_path","""uploads/hotel_contents/content_20260508170107_a5b4ce6b83.optimized.webp""","Yes / available through content viewers (family-level source audit)","No OG/twitter image reference found on sampled public pages","No alpha in JPEG","Stored high-resolution/current image may be used by viewer","Potential dedicated high-quality card derivative; deferred","Not established","High if original also used by viewer"
"uploads/hotel_contents/content_20260508170107_a5b4ce6b83.optimized.webp","packages (audit1); guides (audit1); boats (audit2); hotels (audit2)","image/webp","1400x933","56310","231x180; 0x0","Yes in at least one sampled viewport","above fold; hidden","No; Yes","Existing service derivative: width <=1400, WebP76; original retained","No matching local DB path found","None found by sibling/thumbnail convention","Not established for this file","No OG/twitter image reference found on sampled public pages","Potential alpha; do not discard without inspection","Not established","Retain existing behavior","0","Do not recompress"
"uploads/hotel_contents/content_20260508181811_0ff301c33b.jpg","Not observed in sampled initial DOM","image/jpeg","5184x3456","8936590","Not observed","Not established","Not established","Not established","Current hotel uploader: 40 MiB / 1920 WebP86; legacy files may predate optimizer","No matching local DB path found","""uploads/hotel_contents/content_20260508181811_0ff301c33b.optimized.webp""","Not established for this file","No OG/twitter image reference found on sampled public pages","No alpha in JPEG","Not established","Deferred; individual context/quality review required","Not established","Review required"
"uploads/hotel_contents/content_20260508181811_0ff301c33b.optimized.webp","Not observed in sampled initial DOM","image/webp","1400x933","219770","Not observed","Not established","Not established","Not established","Existing service derivative: width <=1400, WebP76; original retained","No matching local DB path found","None found by sibling/thumbnail convention","Not established for this file","No OG/twitter image reference found on sampled public pages","Potential alpha; do not discard without inspection","Not established","Retain existing behavior","0","Do not recompress"
"uploads/hotel_contents/content_20260508181925_10254cb47b.jpg","Not observed in sampled initial DOM","image/jpeg","5184x3456","7231194","Not observed","Not established","Not established","Not established","Current hotel uploader: 40 MiB / 1920 WebP86; legacy files may predate optimizer","hotel_resorts.gallery_images_json","""uploads/hotel_contents/content_20260508181925_10254cb47b.optimized.webp""","Yes / available through content viewers (family-level source audit)","No OG/twitter image reference found on sampled public pages","No alpha in JPEG","Stored high-resolution/current image may be used by viewer","Deferred; individual context/quality review required","Not established","Review required"
"uploads/hotel_contents/content_20260508181925_10254cb47b.optimized.webp","Not observed in sampled initial DOM","image/webp","1400x933","154670","Not observed","Not established","Not established","Not established","Existing service derivative: width <=1400, WebP76; original retained","No matching local DB path found","None found by sibling/thumbnail convention","Not established for this file","No OG/twitter image reference found on sampled public pages","Potential alpha; do not discard without inspection","Not established","Retain existing behavior","0","Do not recompress"
"uploads/hotel_contents/content_20260508181925_568c80fe65.jpg","Not observed in sampled initial DOM","image/jpeg","5184x3456","6882827","Not observed","Not established","Not established","Not established","Current hotel uploader: 40 MiB / 1920 WebP86; legacy files may predate optimizer","hotel_resorts.gallery_images_json","""uploads/hotel_contents/content_20260508181925_568c80fe65.optimized.webp""","Yes / available through content viewers (family-level source audit)","No OG/twitter image reference found on sampled public pages","No alpha in JPEG","Stored high-resolution/current image may be used by viewer","Deferred; individual context/quality review required","Not established","Review required"
"uploads/hotel_contents/content_20260508181925_568c80fe65.optimized.webp","Not observed in sampled initial DOM","image/webp","1400x933","128808","Not observed","Not established","Not established","Not established","Existing service derivative: width <=1400, WebP76; original retained","No matching local DB path found","None found by sibling/thumbnail convention","Not established for this file","No OG/twitter image reference found on sampled public pages","Potential alpha; do not discard without inspection","Not established","Retain existing behavior","0","Do not recompress"
"uploads/hotel_contents/content_20260508181925_b9aa2a7b98.jpg","Not observed in sampled initial DOM","image/jpeg","5184x3456","7909546","Not observed","Not established","Not established","Not established","Current hotel uploader: 40 MiB / 1920 WebP86; legacy files may predate optimizer","hotel_resorts.gallery_images_json","""uploads/hotel_contents/content_20260508181925_b9aa2a7b98.optimized.webp""","Yes / available through content viewers (family-level source audit)","No OG/twitter image reference found on sampled public pages","No alpha in JPEG","Stored high-resolution/current image may be used by viewer","Deferred; individual context/quality review required","Not established","Review required"
"uploads/hotel_contents/content_20260508181925_b9aa2a7b98.optimized.webp","Not observed in sampled initial DOM","image/webp","1400x933","186206","Not observed","Not established","Not established","Not established","Existing service derivative: width <=1400, WebP76; original retained","No matching local DB path found","None found by sibling/thumbnail convention","Not established for this file","No OG/twitter image reference found on sampled public pages","Potential alpha; do not discard without inspection","Not established","Retain existing behavior","0","Do not recompress"
"uploads/hotel_contents/content_20260508181925_cb1523c1b1.jpg","Not observed in sampled initial DOM","image/jpeg","5184x3456","8936590","Not observed","Not established","Not established","Not established","Current hotel uploader: 40 MiB / 1920 WebP86; legacy files may predate optimizer","hotel_resorts.gallery_images_json","""uploads/hotel_contents/content_20260508181925_cb1523c1b1.optimized.webp""","Yes / available through content viewers (family-level source audit)","No OG/twitter image reference found on sampled public pages","No alpha in JPEG","Stored high-resolution/current image may be used by viewer","Deferred; individual context/quality review required","Not established","Review required"
"uploads/hotel_contents/content_20260508181925_cb1523c1b1.optimized.webp","Not observed in sampled initial DOM","image/webp","1400x933","219770","Not observed","Not established","Not established","Not established","Existing service derivative: width <=1400, WebP76; original retained","No matching local DB path found","None found by sibling/thumbnail convention","Not established for this file","No OG/twitter image reference found on sampled public pages","Potential alpha; do not discard without inspection","Not established","Retain existing behavior","0","Do not recompress"
"uploads/hotel_contents/content_20260508181925_feb4733a70.jpg","Not observed in sampled initial DOM","image/jpeg","5184x3456","5680824","Not observed","Not established","Not established","Not established","Current hotel uploader: 40 MiB / 1920 WebP86; legacy files may predate optimizer","hotel_resorts.gallery_images_json","""uploads/hotel_contents/content_20260508181925_feb4733a70.optimized.webp""","Yes / available through content viewers (family-level source audit)","No OG/twitter image reference found on sampled public pages","No alpha in JPEG","Stored high-resolution/current image may be used by viewer","Deferred; individual context/quality review required","Not established","Review required"
"uploads/hotel_contents/content_20260508181925_feb4733a70.optimized.webp","Not observed in sampled initial DOM","image/webp","1400x933","67780","Not observed","Not established","Not established","Not established","Existing service derivative: width <=1400, WebP76; original retained","No matching local DB path found","None found by sibling/thumbnail convention","Not established for this file","No OG/twitter image reference found on sampled public pages","Potential alpha; do not discard without inspection","Not established","Retain existing behavior","0","Do not recompress"
"uploads/hotel_contents/content_20260508181938_9d9220b55f.jpg","Not observed in sampled initial DOM","image/jpeg","5184x3456","5902391","Not observed","Not established","Not established","Not established","Current hotel uploader: 40 MiB / 1920 WebP86; legacy files may predate optimizer","hotel_resorts.image_path","""uploads/hotel_contents/content_20260508181938_9d9220b55f.optimized.webp""","Yes / available through content viewers (family-level source audit)","No OG/twitter image reference found on sampled public pages","No alpha in JPEG","Stored high-resolution/current image may be used by viewer","Deferred; individual context/quality review required","Not established","Review required"
"uploads/hotel_contents/content_20260508181938_9d9220b55f.optimized.webp","packages (audit1); guides (audit1); boats (audit2); hotels (audit2)","image/webp","1400x933","145248","243x180; 0x0","Yes in at least one sampled viewport","above fold; hidden","No; Yes","Existing service derivative: width <=1400, WebP76; original retained","No matching local DB path found","None found by sibling/thumbnail convention","Not established for this file","No OG/twitter image reference found on sampled public pages","Potential alpha; do not discard without inspection","Not established","Retain existing behavior","0","Do not recompress"
"uploads/hotel_rooms/room_20260416165216_1a04bdaa32.webp","Not observed in sampled initial DOM","image/webp","1142x636","138968","Not observed","Not established","Not established","Not established","Current room uploader: 40 MiB / 1600 WebP86; legacy PNG paths can resolve WebP siblings","No matching local DB path found","None found by sibling/thumbnail convention","Not established for this file","No OG/twitter image reference found on sampled public pages","Potential alpha; do not discard without inspection","Not established","Deferred; individual context/quality review required","Not established","Review required"
"uploads/hotel_rooms/room_20260416165216_6f4088f1a0.webp","Not observed in sampled initial DOM","image/webp","1600x1066","179008","Not observed","Not established","Not established","Not established","Current room uploader: 40 MiB / 1600 WebP86; legacy PNG paths can resolve WebP siblings","No matching local DB path found","None found by sibling/thumbnail convention","Not established for this file","No OG/twitter image reference found on sampled public pages","Potential alpha; do not discard without inspection","Not established","Deferred; individual context/quality review required","Not established","Review required"
"uploads/hotel_rooms/room_20260416165216_793dd7af1a.webp","Not observed in sampled initial DOM","image/webp","1600x1066","87936","Not observed","Not established","Not established","Not established","Current room uploader: 40 MiB / 1600 WebP86; legacy PNG paths can resolve WebP siblings","No matching local DB path found","None found by sibling/thumbnail convention","Not established for this file","No OG/twitter image reference found on sampled public pages","Potential alpha; do not discard without inspection","Not established","Deferred; individual context/quality review required","Not established","Review required"
"uploads/hotel_rooms/room_20260416165216_f3d1b50a5b.webp","Not observed in sampled initial DOM","image/webp","1280x960","161498","Not observed","Not established","Not established","Not established","Current room uploader: 40 MiB / 1600 WebP86; legacy PNG paths can resolve WebP siblings","No matching local DB path found","None found by sibling/thumbnail convention","Not established for this file","No OG/twitter image reference found on sampled public pages","Potential alpha; do not discard without inspection","Not established","Deferred; individual context/quality review required","Not established","Review required"
"uploads/hotel_rooms/room_20260505041737_367c138790.webp","Not observed in sampled initial DOM","image/webp","1600x1066","63710","Not observed","Not established","Not established","Not established","Current room uploader: 40 MiB / 1600 WebP86; legacy PNG paths can resolve WebP siblings","hotel_rooms.gallery_images_json","None found by sibling/thumbnail convention","Yes / available through content viewers (family-level source audit)","No OG/twitter image reference found on sampled public pages","Potential alpha; do not discard without inspection","Stored high-resolution/current image may be used by viewer","Deferred; individual context/quality review required","Not established","Review required"
"uploads/hotel_rooms/room_20260505041737_43c10bba98.webp","Not observed in sampled initial DOM","image/webp","1600x1066","76902","Not observed","Not established","Not established","Not established","Current room uploader: 40 MiB / 1600 WebP86; legacy PNG paths can resolve WebP siblings","hotel_rooms.main_image_path","None found by sibling/thumbnail convention","Yes / available through content viewers (family-level source audit)","No OG/twitter image reference found on sampled public pages","Potential alpha; do not discard without inspection","Stored high-resolution/current image may be used by viewer","Deferred; individual context/quality review required","Not established","Review required"
"uploads/hotel_rooms/room_20260505041737_5e49d82db7.webp","Not observed in sampled initial DOM","image/webp","1600x1066","414980","Not observed","Not established","Not established","Not established","Current room uploader: 40 MiB / 1600 WebP86; legacy PNG paths can resolve WebP siblings","No matching local DB path found","None found by sibling/thumbnail convention","Not established for this file","No OG/twitter image reference found on sampled public pages","Potential alpha; do not discard without inspection","Not established","Deferred; individual context/quality review required","Not established","Review required"
"uploads/hotel_rooms/room_20260505041737_aa13f2510c.webp","Not observed in sampled initial DOM","image/webp","1600x1066","42158","Not observed","Not established","Not established","Not established","Current room uploader: 40 MiB / 1600 WebP86; legacy PNG paths can resolve WebP siblings","hotel_rooms.gallery_images_json","None found by sibling/thumbnail convention","Yes / available through content viewers (family-level source audit)","No OG/twitter image reference found on sampled public pages","Potential alpha; do not discard without inspection","Stored high-resolution/current image may be used by viewer","Deferred; individual context/quality review required","Not established","Review required"
"uploads/hotel_rooms/room_20260505042041_8160721eaa.webp","Not observed in sampled initial DOM","image/webp","1600x1066","136104","Not observed","Not established","Not established","Not established","Current room uploader: 40 MiB / 1600 WebP86; legacy PNG paths can resolve WebP siblings","hotel_rooms.gallery_images_json","None found by sibling/thumbnail convention","Yes / available through content viewers (family-level source audit)","No OG/twitter image reference found on sampled public pages","Potential alpha; do not discard without inspection","Stored high-resolution/current image may be used by viewer","Deferred; individual context/quality review required","Not established","Review required"
"uploads/hotel_rooms/room_20260505042041_ddf9b8b59d.webp","Not observed in sampled initial DOM","image/webp","1600x1066","83054","Not observed","Not established","Not established","Not established","Current room uploader: 40 MiB / 1600 WebP86; legacy PNG paths can resolve WebP siblings","hotel_rooms.gallery_images_json","None found by sibling/thumbnail convention","Yes / available through content viewers (family-level source audit)","No OG/twitter image reference found on sampled public pages","Potential alpha; do not discard without inspection","Stored high-resolution/current image may be used by viewer","Deferred; individual context/quality review required","Not established","Review required"
"uploads/hotel_rooms/room_20260505042041_df501e7289.webp","Not observed in sampled initial DOM","image/webp","1600x1066","32174","Not observed","Not established","Not established","Not established","Current room uploader: 40 MiB / 1600 WebP86; legacy PNG paths can resolve WebP siblings","hotel_rooms.gallery_images_json","None found by sibling/thumbnail convention","Yes / available through content viewers (family-level source audit)","No OG/twitter image reference found on sampled public pages","Potential alpha; do not discard without inspection","Stored high-resolution/current image may be used by viewer","Deferred; individual context/quality review required","Not established","Review required"
"uploads/hotel_rooms/room_20260505042041_fe88413e68.webp","Not observed in sampled initial DOM","image/webp","1600x1066","311016","Not observed","Not established","Not established","Not established","Current room uploader: 40 MiB / 1600 WebP86; legacy PNG paths can resolve WebP siblings","hotel_rooms.main_image_path","None found by sibling/thumbnail convention","Yes / available through content viewers (family-level source audit)","No OG/twitter image reference found on sampled public pages","Potential alpha; do not discard without inspection","Stored high-resolution/current image may be used by viewer","Deferred; individual context/quality review required","Not established","Review required"
"uploads/hotel_rooms/room_20260507163520_176385ff60.webp","Not observed in sampled initial DOM","image/webp","1600x1066","248914","Not observed","Not established","Not established","Not established","Current room uploader: 40 MiB / 1600 WebP86; legacy PNG paths can resolve WebP siblings","hotel_rooms.main_image_path","None found by sibling/thumbnail convention","Yes / available through content viewers (family-level source audit)","No OG/twitter image reference found on sampled public pages","Potential alpha; do not discard without inspection","Stored high-resolution/current image may be used by viewer","Deferred; individual context/quality review required","Not established","Review required"
"uploads/hotel_rooms/room_20260507163520_73094d94f9.webp","Not observed in sampled initial DOM","image/webp","1600x1066","276358","Not observed","Not established","Not established","Not established","Current room uploader: 40 MiB / 1600 WebP86; legacy PNG paths can resolve WebP siblings","hotel_rooms.gallery_images_json","None found by sibling/thumbnail convention","Yes / available through content viewers (family-level source audit)","No OG/twitter image reference found on sampled public pages","Potential alpha; do not discard without inspection","Stored high-resolution/current image may be used by viewer","Deferred; individual context/quality review required","Not established","Review required"
"uploads/hotel_rooms/room_20260507163520_c92d371631.webp","Not observed in sampled initial DOM","image/webp","1600x1066","227288","Not observed","Not established","Not established","Not established","Current room uploader: 40 MiB / 1600 WebP86; legacy PNG paths can resolve WebP siblings","hotel_rooms.gallery_images_json","None found by sibling/thumbnail convention","Yes / available through content viewers (family-level source audit)","No OG/twitter image reference found on sampled public pages","Potential alpha; do not discard without inspection","Stored high-resolution/current image may be used by viewer","Deferred; individual context/quality review required","Not established","Review required"
"uploads/hotel_rooms/room_20260507163714_0097dbc6a5.webp","Not observed in sampled initial DOM","image/webp","1600x1066","189878","Not observed","Not established","Not established","Not established","Current room uploader: 40 MiB / 1600 WebP86; legacy PNG paths can resolve WebP siblings","hotel_rooms.gallery_images_json","None found by sibling/thumbnail convention","Yes / available through content viewers (family-level source audit)","No OG/twitter image reference found on sampled public pages","Potential alpha; do not discard without inspection","Stored high-resolution/current image may be used by viewer","Deferred; individual context/quality review required","Not established","Review required"
"uploads/hotel_rooms/room_20260507163714_d8f01b7f8b.webp","Not observed in sampled initial DOM","image/webp","1600x1066","158154","Not observed","Not established","Not established","Not established","Current room uploader: 40 MiB / 1600 WebP86; legacy PNG paths can resolve WebP siblings","hotel_rooms.gallery_images_json","None found by sibling/thumbnail convention","Yes / available through content viewers (family-level source audit)","No OG/twitter image reference found on sampled public pages","Potential alpha; do not discard without inspection","Stored high-resolution/current image may be used by viewer","Deferred; individual context/quality review required","Not established","Review required"
"uploads/hotel_rooms/room_20260507163714_f74f5a2e68.webp","Not observed in sampled initial DOM","image/webp","1600x1066","207654","Not observed","Not established","Not established","Not established","Current room uploader: 40 MiB / 1600 WebP86; legacy PNG paths can resolve WebP siblings","hotel_rooms.main_image_path","None found by sibling/thumbnail convention","Yes / available through content viewers (family-level source audit)","No OG/twitter image reference found on sampled public pages","Potential alpha; do not discard without inspection","Stored high-resolution/current image may be used by viewer","Deferred; individual context/quality review required","Not established","Review required"
"uploads/hotel_rooms/room_20260507163902_257acf1a91.webp","Not observed in sampled initial DOM","image/webp","1600x1066","143610","Not observed","Not established","Not established","Not established","Current room uploader: 40 MiB / 1600 WebP86; legacy PNG paths can resolve WebP siblings","hotel_rooms.main_image_path","None found by sibling/thumbnail convention","Yes / available through content viewers (family-level source audit)","No OG/twitter image reference found on sampled public pages","Potential alpha; do not discard without inspection","Stored high-resolution/current image may be used by viewer","Deferred; individual context/quality review required","Not established","Review required"
"uploads/hotel_rooms/room_20260507163902_912fbef00e.webp","Not observed in sampled initial DOM","image/webp","1600x1066","233932","Not observed","Not established","Not established","Not established","Current room uploader: 40 MiB / 1600 WebP86; legacy PNG paths can resolve WebP siblings","hotel_rooms.gallery_images_json","None found by sibling/thumbnail convention","Yes / available through content viewers (family-level source audit)","No OG/twitter image reference found on sampled public pages","Potential alpha; do not discard without inspection","Stored high-resolution/current image may be used by viewer","Deferred; individual context/quality review required","Not established","Review required"
"uploads/hotel_rooms/room_20260507163902_ec0c7506b6.webp","Not observed in sampled initial DOM","image/webp","1600x1066","285708","Not observed","Not established","Not established","Not established","Current room uploader: 40 MiB / 1600 WebP86; legacy PNG paths can resolve WebP siblings","hotel_rooms.gallery_images_json","None found by sibling/thumbnail convention","Yes / available through content viewers (family-level source audit)","No OG/twitter image reference found on sampled public pages","Potential alpha; do not discard without inspection","Stored high-resolution/current image may be used by viewer","Deferred; individual context/quality review required","Not established","Review required"
"uploads/hotel_rooms/room_20260507164001_124aaaebc1.webp","Not observed in sampled initial DOM","image/webp","1600x1066","89634","Not observed","Not established","Not established","Not established","Current room uploader: 40 MiB / 1600 WebP86; legacy PNG paths can resolve WebP siblings","hotel_rooms.gallery_images_json","None found by sibling/thumbnail convention","Yes / available through content viewers (family-level source audit)","No OG/twitter image reference found on sampled public pages","Potential alpha; do not discard without inspection","Stored high-resolution/current image may be used by viewer","Deferred; individual context/quality review required","Not established","Review required"
"uploads/hotel_rooms/room_20260507164001_71752617ef.webp","Not observed in sampled initial DOM","image/webp","1600x1066","123818","Not observed","Not established","Not established","Not established","Current room uploader: 40 MiB / 1600 WebP86; legacy PNG paths can resolve WebP siblings","hotel_rooms.gallery_images_json","None found by sibling/thumbnail convention","Yes / available through content viewers (family-level source audit)","No OG/twitter image reference found on sampled public pages","Potential alpha; do not discard without inspection","Stored high-resolution/current image may be used by viewer","Deferred; individual context/quality review required","Not established","Review required"
"uploads/hotel_rooms/room_20260507164001_dc67addc67.webp","Not observed in sampled initial DOM","image/webp","1600x1066","116954","Not observed","Not established","Not established","Not established","Current room uploader: 40 MiB / 1600 WebP86; legacy PNG paths can resolve WebP siblings","hotel_rooms.main_image_path","None found by sibling/thumbnail convention","Yes / available through content viewers (family-level source audit)","No OG/twitter image reference found on sampled public pages","Potential alpha; do not discard without inspection","Stored high-resolution/current image may be used by viewer","Deferred; individual context/quality review required","Not established","Review required"
"uploads/hotel_rooms/room_20260508171059_11a8295671.webp","Not observed in sampled initial DOM","image/webp","1600x1066","210118","Not observed","Not established","Not established","Not established","Current room uploader: 40 MiB / 1600 WebP86; legacy PNG paths can resolve WebP siblings","hotel_rooms.gallery_images_json","None found by sibling/thumbnail convention","Yes / available through content viewers (family-level source audit)","No OG/twitter image reference found on sampled public pages","Potential alpha; do not discard without inspection","Stored high-resolution/current image may be used by viewer","Deferred; individual context/quality review required","Not established","Review required"
"uploads/hotel_rooms/room_20260508171059_1f0495d933.webp","Not observed in sampled initial DOM","image/webp","1600x1066","292166","Not observed","Not established","Not established","Not established","Current room uploader: 40 MiB / 1600 WebP86; legacy PNG paths can resolve WebP siblings","hotel_rooms.gallery_images_json","None found by sibling/thumbnail convention","Yes / available through content viewers (family-level source audit)","No OG/twitter image reference found on sampled public pages","Potential alpha; do not discard without inspection","Stored high-resolution/current image may be used by viewer","Deferred; individual context/quality review required","Not established","Review required"
"uploads/hotel_rooms/room_20260508171059_d122efc2b3.webp","Not observed in sampled initial DOM","image/webp","1600x1066","357020","Not observed","Not established","Not established","Not established","Current room uploader: 40 MiB / 1600 WebP86; legacy PNG paths can resolve WebP siblings","hotel_rooms.main_image_path","None found by sibling/thumbnail convention","Yes / available through content viewers (family-level source audit)","No OG/twitter image reference found on sampled public pages","Potential alpha; do not discard without inspection","Stored high-resolution/current image may be used by viewer","Deferred; individual context/quality review required","Not established","Review required"
"uploads/hotel_rooms/room_20260508171532_1cdf4ba0c0.webp","Not observed in sampled initial DOM","image/webp","1600x1066","90408","Not observed","Not established","Not established","Not established","Current room uploader: 40 MiB / 1600 WebP86; legacy PNG paths can resolve WebP siblings","hotel_rooms.gallery_images_json","None found by sibling/thumbnail convention","Yes / available through content viewers (family-level source audit)","No OG/twitter image reference found on sampled public pages","Potential alpha; do not discard without inspection","Stored high-resolution/current image may be used by viewer","Deferred; individual context/quality review required","Not established","Review required"
"uploads/hotel_rooms/room_20260508171532_5ef9aa7932.webp","Not observed in sampled initial DOM","image/webp","1600x1066","357020","Not observed","Not established","Not established","Not established","Current room uploader: 40 MiB / 1600 WebP86; legacy PNG paths can resolve WebP siblings","No matching local DB path found","None found by sibling/thumbnail convention","Not established for this file","No OG/twitter image reference found on sampled public pages","Potential alpha; do not discard without inspection","Not established","Deferred; individual context/quality review required","Not established","Review required"
"uploads/hotel_rooms/room_20260508171532_622ba09c30.webp","Not observed in sampled initial DOM","image/webp","1600x1066","234282","Not observed","Not established","Not established","Not established","Current room uploader: 40 MiB / 1600 WebP86; legacy PNG paths can resolve WebP siblings","hotel_rooms.gallery_images_json","None found by sibling/thumbnail convention","Yes / available through content viewers (family-level source audit)","No OG/twitter image reference found on sampled public pages","Potential alpha; do not discard without inspection","Stored high-resolution/current image may be used by viewer","Deferred; individual context/quality review required","Not established","Review required"
"uploads/hotel_rooms/room_20260508171609_67a091088f.webp","Not observed in sampled initial DOM","image/webp","1600x1066","292166","Not observed","Not established","Not established","Not established","Current room uploader: 40 MiB / 1600 WebP86; legacy PNG paths can resolve WebP siblings","hotel_rooms.main_image_path","None found by sibling/thumbnail convention","Yes / available through content viewers (family-level source audit)","No OG/twitter image reference found on sampled public pages","Potential alpha; do not discard without inspection","Stored high-resolution/current image may be used by viewer","Deferred; individual context/quality review required","Not established","Review required"
"uploads/hotel_rooms/room_20260508171847_51af6b8478.webp","Not observed in sampled initial DOM","image/webp","1600x1066","210118","Not observed","Not established","Not established","Not established","Current room uploader: 40 MiB / 1600 WebP86; legacy PNG paths can resolve WebP siblings","hotel_rooms.gallery_images_json","None found by sibling/thumbnail convention","Yes / available through content viewers (family-level source audit)","No OG/twitter image reference found on sampled public pages","Potential alpha; do not discard without inspection","Stored high-resolution/current image may be used by viewer","Deferred; individual context/quality review required","Not established","Review required"
"uploads/hotel_rooms/room_20260508171847_89c6d00178.webp","Not observed in sampled initial DOM","image/webp","1600x1066","296204","Not observed","Not established","Not established","Not established","Current room uploader: 40 MiB / 1600 WebP86; legacy PNG paths can resolve WebP siblings","hotel_rooms.main_image_path","None found by sibling/thumbnail convention","Yes / available through content viewers (family-level source audit)","No OG/twitter image reference found on sampled public pages","Potential alpha; do not discard without inspection","Stored high-resolution/current image may be used by viewer","Deferred; individual context/quality review required","Not established","Review required"
"uploads/hotel_rooms/room_20260508171847_9b8de50a3a.webp","Not observed in sampled initial DOM","image/webp","1600x1066","90408","Not observed","Not established","Not established","Not established","Current room uploader: 40 MiB / 1600 WebP86; legacy PNG paths can resolve WebP siblings","hotel_rooms.gallery_images_json","None found by sibling/thumbnail convention","Yes / available through content viewers (family-level source audit)","No OG/twitter image reference found on sampled public pages","Potential alpha; do not discard without inspection","Stored high-resolution/current image may be used by viewer","Deferred; individual context/quality review required","Not established","Review required"
"uploads/hotel_rooms/room_20260927094135_07245800dd8f.webp","Not observed in sampled initial DOM","image/webp","1600x1067","105408","Not observed","Not established","Not established","Not established","Current room uploader: 40 MiB / 1600 WebP86; legacy PNG paths can resolve WebP siblings","hotel_rooms.gallery_images_json","None found by sibling/thumbnail convention","Yes / available through content viewers (family-level source audit)","No OG/twitter image reference found on sampled public pages","Potential alpha; do not discard without inspection","Stored high-resolution/current image may be used by viewer","Deferred; individual context/quality review required","Not established","Review required"
"uploads/packages/1761490383_65a59dba8c72580e09c66cde5c55eb17(1).jpg","Not observed in sampled initial DOM","image/jpeg","564x1002","20065","Not observed","Not established","Not established","Not established","Static / uploader not established for this file","No matching local DB path found","None found by sibling/thumbnail convention","Not established for this file","No OG/twitter image reference found on sampled public pages","No alpha in JPEG","Not established","Deferred; individual context/quality review required","Not established","Review required"
"uploads/packages/1762613107_5s.jpg","Not observed in sampled initial DOM","image/jpeg","1253x1670","971050","Not observed","Not established","Not established","Not established","Static / uploader not established for this file","No matching local DB path found","None found by sibling/thumbnail convention","Not established for this file","No OG/twitter image reference found on sampled public pages","No alpha in JPEG","Not established","Deferred; individual context/quality review required","Not established","Review required"
"uploads/packages/1763356168_310980581_476286417890903_3140357035965096470_n.jpg","Not observed in sampled initial DOM","image/jpeg","1824x1824","154665","Not observed","Not established","Not established","Not established","Static / uploader not established for this file","No matching local DB path found","None found by sibling/thumbnail convention","Not established for this file","No OG/twitter image reference found on sampled public pages","No alpha in JPEG","Not established","Deferred; individual context/quality review required","Not established","Review required"
"uploads/profile/1762237631_434325161_728056682776428_376793319314630901_n.jpg","Not observed in sampled initial DOM","image/jpeg","365x365","23395","Not observed","Not established","Not established","Not established","Static / uploader not established for this file","No matching local DB path found","None found by sibling/thumbnail convention","Not established for this file","No OG/twitter image reference found on sampled public pages","No alpha in JPEG","Not established","Deferred; individual context/quality review required","Not established","Review required"
"uploads/profile/1763356068_logo (3).png","Not observed in sampled initial DOM","image/png","640x640","220366","Not observed","Not established","Not established","Not established","Static / uploader not established for this file","No matching local DB path found","None found by sibling/thumbnail convention","Not established for this file","No OG/twitter image reference found on sampled public pages","Preserve alpha where present","Original remains for other contexts","Deferred; individual context/quality review required","Not established","Review required"
"uploads/profile_pictures/1778425053_1000094059.jpg","Not observed in sampled initial DOM","image/jpeg","3456x4608","5245123","Not observed","Not established","Not established","Not established","Static / uploader not established for this file","No matching local DB path found","None found by sibling/thumbnail convention","Not established for this file","No OG/twitter image reference found on sampled public pages","No alpha in JPEG","Not established","Deferred; individual context/quality review required","Not established","Review required"
"uploads/profile_pictures/1778425082_1000094059.jpg","Not observed in sampled initial DOM","image/jpeg","3456x4608","5245123","Not observed","Not established","Not established","Not established","Static / uploader not established for this file","No matching local DB path found","None found by sibling/thumbnail convention","Not established for this file","No OG/twitter image reference found on sampled public pages","No alpha in JPEG","Not established","Deferred; individual context/quality review required","Not established","Review required"
"uploads/profile_pictures/1778425132_1000096579.png","Not observed in sampled initial DOM","image/png","1059x1368","1095217","Not observed","Not established","Not established","Not established","Static / uploader not established for this file","No matching local DB path found","None found by sibling/thumbnail convention","Not established for this file","No OG/twitter image reference found on sampled public pages","Potential alpha; do not discard without inspection","Not established","Deferred; individual context/quality review required","Not established","Review required"
"uploads/profile_pictures/1778425153_1000096579.png","Not observed in sampled initial DOM","image/png","1059x1368","1095217","Not observed","Not established","Not established","Not established","Static / uploader not established for this file","No matching local DB path found","None found by sibling/thumbnail convention","Not established for this file","No OG/twitter image reference found on sampled public pages","Potential alpha; do not discard without inspection","Not established","Deferred; individual context/quality review required","Not established","Review required"
"uploads/profile_pictures/1778425337_1000094059.jpg","Not observed in sampled initial DOM","image/jpeg","3456x4608","5245123","Not observed","Not established","Not established","Not established","Static / uploader not established for this file","No matching local DB path found","None found by sibling/thumbnail convention","Not established for this file","No OG/twitter image reference found on sampled public pages","No alpha in JPEG","Not established","Deferred; individual context/quality review required","Not established","Review required"
"uploads/profile_pictures/1778425504_1000096579.png","Not observed in sampled initial DOM","image/png","1059x1368","1095217","Not observed","Not established","Not established","Not established","Static / uploader not established for this file","No matching local DB path found","None found by sibling/thumbnail convention","Not established for this file","No OG/twitter image reference found on sampled public pages","Potential alpha; do not discard without inspection","Not established","Deferred; individual context/quality review required","Not established","Review required"
"uploads/profile_pictures/1778425519_1000094059.jpg","Not observed in sampled initial DOM","image/jpeg","3456x4608","5245123","Not observed","Not established","Not established","Not established","Static / uploader not established for this file","No matching local DB path found","None found by sibling/thumbnail convention","Not established for this file","No OG/twitter image reference found on sampled public pages","No alpha in JPEG","Not established","Deferred; individual context/quality review required","Not established","Review required"
"uploads/profile_pictures/1778425589_1000096637.png","Not observed in sampled initial DOM","image/png","678x672","303968","Not observed","Not established","Not established","Not established","Static / uploader not established for this file","No matching local DB path found","None found by sibling/thumbnail convention","Not established for this file","No OG/twitter image reference found on sampled public pages","Potential alpha; do not discard without inspection","Not established","Deferred; individual context/quality review required","Not established","Review required"
"uploads/profile_pictures/1778425597_1000094059.jpg","Not observed in sampled initial DOM","image/jpeg","3456x4608","5245123","Not observed","Not established","Not established","Not established","Static / uploader not established for this file","No matching local DB path found","None found by sibling/thumbnail convention","Not established for this file","No OG/twitter image reference found on sampled public pages","No alpha in JPEG","Not established","Deferred; individual context/quality review required","Not established","Review required"
"uploads/profile_pictures/1778430417_profile.png","Not observed in sampled initial DOM","image/png","300x300","129043","Not observed","Not established","Not established","Not established","Static / uploader not established for this file","No matching local DB path found","None found by sibling/thumbnail convention","Not established for this file","No OG/twitter image reference found on sampled public pages","Potential alpha; do not discard without inspection","Not established","Deferred; individual context/quality review required","Not established","Review required"
"uploads/profile_pictures/1778431146_profile.png","package-details (audit2)","image/png","300x300","250291","36x36; 38x38","Yes in at least one sampled viewport","below fold","No","Static / uploader not established for this file","No matching local DB path found","None found by sibling/thumbnail convention","Not established for this file","No OG/twitter image reference found on sampled public pages","Potential alpha; do not discard without inspection","Not established","Deferred; individual context/quality review required","Not established","Review required"
"uploads/profile_pictures/profile_1_1762093693.png","Not observed in sampled initial DOM","image/png","500x500","54346","Not observed","Not established","Not established","Not established","Static / uploader not established for this file","No matching local DB path found","None found by sibling/thumbnail convention","Not established for this file","No OG/twitter image reference found on sampled public pages","Potential alpha; do not discard without inspection","Not established","Deferred; individual context/quality review required","Not established","Review required"
"uploads/profile_pictures/profile_1_1762094260.png","Not observed in sampled initial DOM","image/png","500x500","60755","Not observed","Not established","Not established","Not established","Static / uploader not established for this file","No matching local DB path found","None found by sibling/thumbnail convention","Not established for this file","No OG/twitter image reference found on sampled public pages","Potential alpha; do not discard without inspection","Not established","Deferred; individual context/quality review required","Not established","Review required"
"uploads/profile_pictures/profile_1_1762094305.png","Not observed in sampled initial DOM","image/png","500x500","60755","Not observed","Not established","Not established","Not established","Static / uploader not established for this file","No matching local DB path found","None found by sibling/thumbnail convention","Not established for this file","No OG/twitter image reference found on sampled public pages","Potential alpha; do not discard without inspection","Not established","Deferred; individual context/quality review required","Not established","Review required"
"uploads/search_thumbnails/boat12_img1.jpg","Not observed in sampled initial DOM","image/jpeg","800x450","66950","Not observed","Not established","Not established","Not established","Static / uploader not established for this file","No matching local DB path found","None found by sibling/thumbnail convention","Not established for this file","No OG/twitter image reference found on sampled public pages","No alpha in JPEG","Not established","Deferred; individual context/quality review required","Not established","Review required"
"uploads/search_thumbnails/boat1_img1.jpg","Not observed in sampled initial DOM","image/jpeg","800x450","41014","Not observed","Not established","Not established","Not established","Static / uploader not established for this file","No matching local DB path found","None found by sibling/thumbnail convention","Not established for this file","No OG/twitter image reference found on sampled public pages","No alpha in JPEG","Not established","Deferred; individual context/quality review required","Not established","Review required"
"uploads/search_thumbnails/boat_11_img1.jpg","Not observed in sampled initial DOM","image/jpeg","800x450","69256","Not observed","Not established","Not established","Not established","Static / uploader not established for this file","No matching local DB path found","None found by sibling/thumbnail convention","Not established for this file","No OG/twitter image reference found on sampled public pages","No alpha in JPEG","Not established","Deferred; individual context/quality review required","Not established","Review required"
"uploads/search_thumbnails/boat_12_img1.jpg","Not observed in sampled initial DOM","image/jpeg","800x450","66950","Not observed","Not established","Not established","Not established","Static / uploader not established for this file","No matching local DB path found","None found by sibling/thumbnail convention","Not established for this file","No OG/twitter image reference found on sampled public pages","No alpha in JPEG","Not established","Deferred; individual context/quality review required","Not established","Review required"
"uploads/search_thumbnails/boat_12_img1_1778261940.jpg","Not observed in sampled initial DOM","image/jpeg","800x450","66950","Not observed","Not established","Not established","Not established","Static / uploader not established for this file","No matching local DB path found","None found by sibling/thumbnail convention","Not established for this file","No OG/twitter image reference found on sampled public pages","No alpha in JPEG","Not established","Deferred; individual context/quality review required","Not established","Review required"
"uploads/search_thumbnails/boat_12_img1_1778261965.jpg","Not observed in sampled initial DOM","image/jpeg","800x450","66950","Not observed","Not established","Not established","Not established","Static / uploader not established for this file","No matching local DB path found","None found by sibling/thumbnail convention","Not established for this file","No OG/twitter image reference found on sampled public pages","No alpha in JPEG","Not established","Deferred; individual context/quality review required","Not established","Review required"
"uploads/search_thumbnails/boat_12_img1_1778262400.jpg","Not observed in sampled initial DOM","image/jpeg","800x450","66950","Not observed","Not established","Not established","Not established","Static / uploader not established for this file","No matching local DB path found","None found by sibling/thumbnail convention","Not established for this file","No OG/twitter image reference found on sampled public pages","No alpha in JPEG","Not established","Deferred; individual context/quality review required","Not established","Review required"
"uploads/search_thumbnails/boat_12_img1_1778262402.jpg","Not observed in sampled initial DOM","image/jpeg","800x450","66950","Not observed","Not established","Not established","Not established","Static / uploader not established for this file","No matching local DB path found","None found by sibling/thumbnail convention","Not established for this file","No OG/twitter image reference found on sampled public pages","No alpha in JPEG","Not established","Deferred; individual context/quality review required","Not established","Review required"
"uploads/search_thumbnails/boat_12_img1_1778262409.jpg","Not observed in sampled initial DOM","image/jpeg","800x450","66950","Not observed","Not established","Not established","Not established","Static / uploader not established for this file","No matching local DB path found","None found by sibling/thumbnail convention","Not established for this file","No OG/twitter image reference found on sampled public pages","No alpha in JPEG","Not established","Deferred; individual context/quality review required","Not established","Review required"
"uploads/search_thumbnails/boat_13_img1.jpg","Not observed in sampled initial DOM","image/jpeg","800x450","69786","Not observed","Not established","Not established","Not established","Static / uploader not established for this file","No matching local DB path found","None found by sibling/thumbnail convention","Not established for this file","No OG/twitter image reference found on sampled public pages","No alpha in JPEG","Not established","Deferred; individual context/quality review required","Not established","Review required"
"uploads/search_thumbnails/boat_14_img1.jpg","Not observed in sampled initial DOM","image/jpeg","800x450","55086","Not observed","Not established","Not established","Not established","Static / uploader not established for this file","No matching local DB path found","None found by sibling/thumbnail convention","Not established for this file","No OG/twitter image reference found on sampled public pages","No alpha in JPEG","Not established","Deferred; individual context/quality review required","Not established","Review required"
"uploads/search_thumbnails/boat_14_img1_d76ea83dd6f4e315.jpg","Not observed in sampled initial DOM","image/jpeg","800x450","62739","Not observed","Not established","Not established","Not established","Static / uploader not established for this file","No matching local DB path found","None found by sibling/thumbnail convention","Not established for this file","No OG/twitter image reference found on sampled public pages","No alpha in JPEG","Not established","Deferred; individual context/quality review required","Not established","Review required"
"uploads/search_thumbnails/boat_1_img1.jpg","Not observed in sampled initial DOM","image/jpeg","800x450","62537","Not observed","Not established","Not established","Not established","Static / uploader not established for this file","No matching local DB path found","None found by sibling/thumbnail convention","Not established for this file","No OG/twitter image reference found on sampled public pages","No alpha in JPEG","Not established","Deferred; individual context/quality review required","Not established","Review required"
"uploads/search_thumbnails/boat_2_img1.jpg","Not observed in sampled initial DOM","image/jpeg","800x450","64480","Not observed","Not established","Not established","Not established","Static / uploader not established for this file","No matching local DB path found","None found by sibling/thumbnail convention","Not established for this file","No OG/twitter image reference found on sampled public pages","No alpha in JPEG","Not established","Deferred; individual context/quality review required","Not established","Review required"
"uploads/search_thumbnails/boat_3_img1.jpg","Not observed in sampled initial DOM","image/jpeg","800x450","59968","Not observed","Not established","Not established","Not established","Static / uploader not established for this file","No matching local DB path found","None found by sibling/thumbnail convention","Not established for this file","No OG/twitter image reference found on sampled public pages","No alpha in JPEG","Not established","Deferred; individual context/quality review required","Not established","Review required"
"uploads/search_thumbnails/boat_4_img1.jpg","Not observed in sampled initial DOM","image/jpeg","800x450","66950","Not observed","Not established","Not established","Not established","Static / uploader not established for this file","No matching local DB path found","None found by sibling/thumbnail convention","Not established for this file","No OG/twitter image reference found on sampled public pages","No alpha in JPEG","Not established","Deferred; individual context/quality review required","Not established","Review required"
"uploads/search_thumbnails/boat_5_img1.jpg","Not observed in sampled initial DOM","image/jpeg","800x450","70258","Not observed","Not established","Not established","Not established","Static / uploader not established for this file","No matching local DB path found","None found by sibling/thumbnail convention","Not established for this file","No OG/twitter image reference found on sampled public pages","No alpha in JPEG","Not established","Deferred; individual context/quality review required","Not established","Review required"
"uploads/search_thumbnails/boat_7_img1.jpg","Not observed in sampled initial DOM","image/jpeg","800x450","57569","Not observed","Not established","Not established","Not established","Static / uploader not established for this file","No matching local DB path found","None found by sibling/thumbnail convention","Not established for this file","No OG/twitter image reference found on sampled public pages","No alpha in JPEG","Not established","Deferred; individual context/quality review required","Not established","Review required"
"uploads/search_thumbnails/boat_8_img1.jpg","Not observed in sampled initial DOM","image/jpeg","800x450","57362","Not observed","Not established","Not established","Not established","Static / uploader not established for this file","No matching local DB path found","None found by sibling/thumbnail convention","Not established for this file","No OG/twitter image reference found on sampled public pages","No alpha in JPEG","Not established","Deferred; individual context/quality review required","Not established","Review required"
"php/upload/location_image_692f024e1a9b4.png","package-details (audit2)","image/png","181x101","48528","372x262","Yes in at least one sampled viewport","above fold","No","Current admin package uploader: 40 MiB / 1920 server bound; operator path differs; legacy files may predate optimizer","No matching local DB path found","None found by sibling/thumbnail convention","Not established for this file","No OG/twitter image reference found on sampled public pages","Potential alpha; do not discard without inspection","Not established","Deferred; individual context/quality review required","Not established","Review required"
"php/upload/location_image_692f208f0c7bb.png","Not observed in sampled initial DOM","image/png","233x131","77120","Not observed","Not established","Not established","Not established","Current admin package uploader: 40 MiB / 1920 server bound; operator path differs; legacy files may predate optimizer","No matching local DB path found","None found by sibling/thumbnail convention","Not established for this file","No OG/twitter image reference found on sampled public pages","Potential alpha; do not discard without inspection","Not established","Deferred; individual context/quality review required","Not established","Review required"
"php/upload/package_image2_69317bcc9474a.optimized.webp","Not observed in sampled initial DOM","image/webp","195x146","3646","Not observed","Not established","Not established","Not established","Existing service derivative: width <=1400, WebP76; original retained","No matching local DB path found","None found by sibling/thumbnail convention","Not established for this file","No OG/twitter image reference found on sampled public pages","Potential alpha; do not discard without inspection","Not established","Retain existing behavior","0","Do not recompress"
"php/upload/package_image2_69317bcc9474a.png","Not observed in sampled initial DOM","image/png","195x146","59517","Not observed","Not established","Not established","Not established","Current admin package uploader: 40 MiB / 1920 server bound; operator path differs; legacy files may predate optimizer","tour_packages.package_image2","""php/upload/package_image2_69317bcc9474a.optimized.webp""","Yes / available through content viewers (family-level source audit)","No OG/twitter image reference found on sampled public pages","Potential alpha; do not discard without inspection","Stored high-resolution/current image may be used by viewer","Deferred; individual context/quality review required","Not established","Review required"
"php/upload/package_image3_692ef28f1f42a.optimized.webp","Not observed in sampled initial DOM","image/webp","566x566","28126","Not observed","Not established","Not established","Not established","Existing service derivative: width <=1400, WebP76; original retained","No matching local DB path found","None found by sibling/thumbnail convention","Not established for this file","No OG/twitter image reference found on sampled public pages","Potential alpha; do not discard without inspection","Not established","Retain existing behavior","0","Do not recompress"
"php/upload/package_image3_692ef28f1f42a.png","Not observed in sampled initial DOM","image/png","566x566","525845","Not observed","Not established","Not established","Not established","Current admin package uploader: 40 MiB / 1920 server bound; operator path differs; legacy files may predate optimizer","tour_packages.package_image3","""php/upload/package_image3_692ef28f1f42a.optimized.webp""","Yes / available through content viewers (family-level source audit)","No OG/twitter image reference found on sampled public pages","Potential alpha; do not discard without inspection","Stored high-resolution/current image may be used by viewer","Deferred; individual context/quality review required","Not established","Review required"
"php/upload/package_image_692f208f0b4df.optimized.webp","Not observed in sampled initial DOM","image/webp","211x158","3868","Not observed","Not established","Not established","Not established","Existing service derivative: width <=1400, WebP76; original retained","No matching local DB path found","None found by sibling/thumbnail convention","Not established for this file","No OG/twitter image reference found on sampled public pages","Potential alpha; do not discard without inspection","Not established","Retain existing behavior","0","Do not recompress"
"php/upload/package_image_692f208f0b4df.png","Not observed in sampled initial DOM","image/png","211x158","67231","Not observed","Not established","Not established","Not established","Current admin package uploader: 40 MiB / 1920 server bound; operator path differs; legacy files may predate optimizer","No matching local DB path found","""php/upload/package_image_692f208f0b4df.optimized.webp""","Not established for this file","No OG/twitter image reference found on sampled public pages","Potential alpha; do not discard without inspection","Not established","Deferred; individual context/quality review required","Not established","Review required"
"php/upload/package_image_69317cc9183d4.optimized.webp","Not observed in sampled initial DOM","image/webp","232x174","7670","Not observed","Not established","Not established","Not established","Existing service derivative: width <=1400, WebP76; original retained","No matching local DB path found","None found by sibling/thumbnail convention","Not established for this file","No OG/twitter image reference found on sampled public pages","Potential alpha; do not discard without inspection","Not established","Retain existing behavior","0","Do not recompress"
"php/upload/package_image_69317cc9183d4.png","Not observed in sampled initial DOM","image/png","232x174","95825","Not observed","Not established","Not established","Not established","Current admin package uploader: 40 MiB / 1920 server bound; operator path differs; legacy files may predate optimizer","No matching local DB path found","""php/upload/package_image_69317cc9183d4.optimized.webp""","Not established for this file","No OG/twitter image reference found on sampled public pages","Potential alpha; do not discard without inspection","Not established","Deferred; individual context/quality review required","Not established","Review required"
"php/upload/package_image_69fd9fb78ef9e.optimized.webp","packages (audit1); guides (audit1); boats (audit2); hotels (audit2)","image/webp","1400x1050","146796","229x180","Yes in at least one sampled viewport","below fold","No","Existing service derivative: width <=1400, WebP76; original retained","No matching local DB path found","None found by sibling/thumbnail convention","Not established for this file","No OG/twitter image reference found on sampled public pages","Potential alpha; do not discard without inspection","Not established","Retain existing behavior","0","Do not recompress"
"php/upload/package_image_69fd9fb78ef9e.png","homepage (audit1); homepage (desktop); homepage (mobile)","image/png","4601x3451","29268361","268x186; 213x125","Yes in at least one sampled viewport","below fold","No","Current admin package uploader: 40 MiB / 1920 server bound; operator path differs; legacy files may predate optimizer","tour_packages.package_image","""php/upload/package_image_69fd9fb78ef9e.optimized.webp""","Yes / available through content viewers (family-level source audit)","No OG/twitter image reference found on sampled public pages","Potential alpha; do not discard without inspection","Stored high-resolution/current image may be used by viewer","Potential dedicated high-quality card derivative; deferred","Not established","High if original also used by viewer"
"php/upload/package_image_69fdf1e65d419.optimized.webp","Not observed in sampled initial DOM","image/webp","1400x1050","100764","Not observed","Not established","Not established","Not established","Existing service derivative: width <=1400, WebP76; original retained","No matching local DB path found","None found by sibling/thumbnail convention","Not established for this file","No OG/twitter image reference found on sampled public pages","Potential alpha; do not discard without inspection","Not established","Retain existing behavior","0","Do not recompress"
"php/upload/package_image_69fdf1e65d419.png","Not observed in sampled initial DOM","image/png","4543x3407","27508084","Not observed","Not established","Not established","Not established","Current admin package uploader: 40 MiB / 1920 server bound; operator path differs; legacy files may predate optimizer","No matching local DB path found","""php/upload/package_image_69fdf1e65d419.optimized.webp""","Not established for this file","No OG/twitter image reference found on sampled public pages","Potential alpha; do not discard without inspection","Not established","Deferred; individual context/quality review required","Not established","Review required"
"php/upload/package_image_69fdf20bdd765.optimized.webp","packages (audit1); guides (audit1); boats (audit2); hotels (audit2)","image/webp","1400x1050","52158","229x180","Yes in at least one sampled viewport","below fold","No","Existing service derivative: width <=1400, WebP76; original retained","No matching local DB path found","None found by sibling/thumbnail convention","Not established for this file","No OG/twitter image reference found on sampled public pages","Potential alpha; do not discard without inspection","Not established","Retain existing behavior","0","Do not recompress"
"php/upload/package_image_69fdf20bdd765.png","homepage (audit1); homepage (desktop); homepage (mobile)","image/png","4147x3110","18217586","268x186; 213x125","Yes in at least one sampled viewport","below fold","No","Current admin package uploader: 40 MiB / 1920 server bound; operator path differs; legacy files may predate optimizer","tour_packages.package_image","""php/upload/package_image_69fdf20bdd765.optimized.webp""","Yes / available through content viewers (family-level source audit)","No OG/twitter image reference found on sampled public pages","Potential alpha; do not discard without inspection","Stored high-resolution/current image may be used by viewer","Potential dedicated high-quality card derivative; deferred","Not established","High if original also used by viewer"
"php/upload/package_image_69fdf2358c919.optimized.webp","packages (audit1); guides (audit1); boats (audit2); hotels (audit2)","image/webp","1400x1050","63914","229x180","Yes in at least one sampled viewport","below fold","No","Existing service derivative: width <=1400, WebP76; original retained","No matching local DB path found","None found by sibling/thumbnail convention","Not established for this file","No OG/twitter image reference found on sampled public pages","Potential alpha; do not discard without inspection","Not established","Retain existing behavior","0","Do not recompress"
"php/upload/package_image_69fdf2358c919.png","homepage (audit1); homepage (desktop); homepage (mobile)","image/png","4147x3110","20539845","268x186; 213x125","Yes in at least one sampled viewport","below fold","No","Current admin package uploader: 40 MiB / 1920 server bound; operator path differs; legacy files may predate optimizer","tour_packages.package_image","""php/upload/package_image_69fdf2358c919.optimized.webp""","Yes / available through content viewers (family-level source audit)","No OG/twitter image reference found on sampled public pages","Potential alpha; do not discard without inspection","Stored high-resolution/current image may be used by viewer","Potential dedicated high-quality card derivative; deferred","Not established","High if original also used by viewer"
"php/upload/package_image_69fdf248da899.optimized.webp","packages (audit1); guides (audit1); boats (audit2); hotels (audit2)","image/webp","1400x1050","382432","229x180","Yes in at least one sampled viewport","below fold","No","Existing service derivative: width <=1400, WebP76; original retained","No matching local DB path found","None found by sibling/thumbnail convention","Not established for this file","No OG/twitter image reference found on sampled public pages","Potential alpha; do not discard without inspection","Not established","Retain existing behavior","0","Do not recompress"
"php/upload/package_image_69fdf248da899.png","homepage (audit1); homepage (desktop); homepage (mobile)","image/png","4147x3110","32340568","268x186; 213x125","No in sampled initial requests","below fold","No","Current admin package uploader: 40 MiB / 1920 server bound; operator path differs; legacy files may predate optimizer","tour_packages.package_image","""php/upload/package_image_69fdf248da899.optimized.webp""","Yes / available through content viewers (family-level source audit)","No OG/twitter image reference found on sampled public pages","Potential alpha; do not discard without inspection","Stored high-resolution/current image may be used by viewer","Potential dedicated high-quality card derivative; deferred","Not established","High if original also used by viewer"
"php/upload/package_image_6a008d7f0e769.optimized.webp","packages (audit1); guides (audit1); boats (audit2); hotels (audit2)","image/webp","707x530","71650","229x180","Yes in at least one sampled viewport","below fold","No","Existing service derivative: width <=1400, WebP76; original retained","No matching local DB path found","None found by sibling/thumbnail convention","Not established for this file","No OG/twitter image reference found on sampled public pages","Potential alpha; do not discard without inspection","Not established","Retain existing behavior","0","Do not recompress"
"php/upload/package_image_6a008d7f0e769.png","homepage (audit1); homepage (desktop); homepage (mobile)","image/png","707x530","911229","0x0; 268x186; 213x125","Yes in at least one sampled viewport","hidden; below fold","Yes; No","Current admin package uploader: 40 MiB / 1920 server bound; operator path differs; legacy files may predate optimizer","tour_packages.package_image","""php/upload/package_image_6a008d7f0e769.optimized.webp""","Yes / available through content viewers (family-level source audit)","No OG/twitter image reference found on sampled public pages","Potential alpha; do not discard without inspection","Stored high-resolution/current image may be used by viewer","Deferred; individual context/quality review required","Not established","Review required"
"php/upload/package_image_6a008dda99033.optimized.webp","packages (audit1); guides (audit1); boats (audit2); hotels (audit2); package-details (audit2)","image/webp","1080x810","124092","229x180; 1293x404","Yes in at least one sampled viewport","below fold; above fold","No","Existing service derivative: width <=1400, WebP76; original retained","No matching local DB path found","None found by sibling/thumbnail convention","Not established for this file","No OG/twitter image reference found on sampled public pages","Potential alpha; do not discard without inspection","Not established","Retain existing behavior","0","Do not recompress"
"php/upload/package_image_6a008dda99033.png","homepage (audit1); homepage (desktop); homepage (mobile)","image/png","1080x810","1865927","0x0; 268x186; 213x125","Yes in at least one sampled viewport","hidden; below fold","Yes; No","Current admin package uploader: 40 MiB / 1920 server bound; operator path differs; legacy files may predate optimizer","tour_packages.package_image","""php/upload/package_image_6a008dda99033.optimized.webp""","Yes / available through content viewers (family-level source audit)","No OG/twitter image reference found on sampled public pages","Potential alpha; do not discard without inspection","Stored high-resolution/current image may be used by viewer","Potential dedicated high-quality card derivative; deferred","Not established","High if original also used by viewer"
"php/upload/route_image_692ef28f21203.png","Not observed in sampled initial DOM","image/png","756x425","604867","Not observed","Not established","Not established","Not established","Current admin package uploader: 40 MiB / 1920 server bound; operator path differs; legacy files may predate optimizer","No matching local DB path found","None found by sibling/thumbnail convention","Not established for this file","No OG/twitter image reference found on sampled public pages","Potential alpha; do not discard without inspection","Not established","Deferred; individual context/quality review required","Not established","Review required"
"php/upload/route_image_692efa2b40ea1.png","package-details (audit2)","image/png","756x425","604867","372x262","Yes in at least one sampled viewport","above fold","No","Current admin package uploader: 40 MiB / 1920 server bound; operator path differs; legacy files may predate optimizer","No matching local DB path found","None found by sibling/thumbnail convention","Not established for this file","No OG/twitter image reference found on sampled public pages","Potential alpha; do not discard without inspection","Not established","Deferred; individual context/quality review required","Not established","Review required"
"php/upload/route_image_692f02a62e5d5.png","Not observed in sampled initial DOM","image/png","181x101","46526","Not observed","Not established","Not established","Not established","Current admin package uploader: 40 MiB / 1920 server bound; operator path differs; legacy files may predate optimizer","No matching local DB path found","None found by sibling/thumbnail convention","Not established for this file","No OG/twitter image reference found on sampled public pages","Potential alpha; do not discard without inspection","Not established","Deferred; individual context/quality review required","Not established","Review required"
"php/upload/route_image_692f02f3c6c60.png","Not observed in sampled initial DOM","image/png","181x101","46526","Not observed","Not established","Not established","Not established","Current admin package uploader: 40 MiB / 1920 server bound; operator path differs; legacy files may predate optimizer","No matching local DB path found","None found by sibling/thumbnail convention","Not established for this file","No OG/twitter image reference found on sampled public pages","Potential alpha; do not discard without inspection","Not established","Deferred; individual context/quality review required","Not established","Review required"
"icons/beach_party.png","Not observed in sampled initial DOM","image/png","60x60","1153","Not observed","Not established","Not established","Not established","Static / uploader not established for this file","No matching local DB path found","None found by sibling/thumbnail convention","Not established for this file","No OG/twitter image reference found on sampled public pages","Potential alpha; do not discard without inspection","Not established","Deferred; individual context/quality review required","Not established","Review required"
"icons/beach_volleyball.png","Not observed in sampled initial DOM","image/png","60x60","878","Not observed","Not established","Not established","Not established","Static / uploader not established for this file","No matching local DB path found","None found by sibling/thumbnail convention","Not established for this file","No OG/twitter image reference found on sampled public pages","Potential alpha; do not discard without inspection","Not established","Deferred; individual context/quality review required","Not established","Review required"
"icons/beach_walks.png","Not observed in sampled initial DOM","image/png","60x60","1052","Not observed","Not established","Not established","Not established","Static / uploader not established for this file","No matching local DB path found","None found by sibling/thumbnail convention","Not established for this file","No OG/twitter image reference found on sampled public pages","Potential alpha; do not discard without inspection","Not established","Deferred; individual context/quality review required","Not established","Review required"
"icons/boat_tour.png","Not observed in sampled initial DOM","image/png","48x48","652","Not observed","Not established","Not established","Not established","Static / uploader not established for this file","No matching local DB path found","None found by sibling/thumbnail convention","Not established for this file","No OG/twitter image reference found on sampled public pages","Potential alpha; do not discard without inspection","Not established","Deferred; individual context/quality review required","Not established","Review required"
"icons/bonfire.png","Not observed in sampled initial DOM","image/png","48x48","810","Not observed","Not established","Not established","Not established","Static / uploader not established for this file","No matching local DB path found","None found by sibling/thumbnail convention","Not established for this file","No OG/twitter image reference found on sampled public pages","Potential alpha; do not discard without inspection","Not established","Deferred; individual context/quality review required","Not established","Review required"
"icons/camping.png","Not observed in sampled initial DOM","image/png","50x50","885","Not observed","Not established","Not established","Not established","Static / uploader not established for this file","No matching local DB path found","None found by sibling/thumbnail convention","Not established for this file","No OG/twitter image reference found on sampled public pages","Potential alpha; do not discard without inspection","Not established","Deferred; individual context/quality review required","Not established","Review required"
"icons/cultural_tour.png","Not observed in sampled initial DOM","image/png","60x60","481","Not observed","Not established","Not established","Not established","Static / uploader not established for this file","No matching local DB path found","None found by sibling/thumbnail convention","Not established for this file","No OG/twitter image reference found on sampled public pages","Potential alpha; do not discard without inspection","Not established","Deferred; individual context/quality review required","Not established","Review required"
"icons/dining.png","Not observed in sampled initial DOM","image/png","60x60","592","Not observed","Not established","Not established","Not established","Static / uploader not established for this file","No matching local DB path found","None found by sibling/thumbnail convention","Not established for this file","No OG/twitter image reference found on sampled public pages","Potential alpha; do not discard without inspection","Not established","Deferred; individual context/quality review required","Not established","Review required"
"icons/fishing.png","Not observed in sampled initial DOM","image/png","50x50","945","Not observed","Not established","Not established","Not established","Static / uploader not established for this file","No matching local DB path found","None found by sibling/thumbnail convention","Not established for this file","No OG/twitter image reference found on sampled public pages","Potential alpha; do not discard without inspection","Not established","Deferred; individual context/quality review required","Not established","Review required"
"icons/hiking.png","Not observed in sampled initial DOM","image/png","50x50","803","Not observed","Not established","Not established","Not established","Static / uploader not established for this file","No matching local DB path found","None found by sibling/thumbnail convention","Not established for this file","No OG/twitter image reference found on sampled public pages","Potential alpha; do not discard without inspection","Not established","Deferred; individual context/quality review required","Not established","Review required"
"icons/kayaking.png","Not observed in sampled initial DOM","image/png","48x48","1109","Not observed","Not established","Not established","Not established","Static / uploader not established for this file","No matching local DB path found","None found by sibling/thumbnail convention","Not established for this file","No OG/twitter image reference found on sampled public pages","Potential alpha; do not discard without inspection","Not established","Deferred; individual context/quality review required","Not established","Review required"
"icons/meditation.png","Not observed in sampled initial DOM","image/png","50x50","832","Not observed","Not established","Not established","Not established","Static / uploader not established for this file","No matching local DB path found","None found by sibling/thumbnail convention","Not established for this file","No OG/twitter image reference found on sampled public pages","Potential alpha; do not discard without inspection","Not established","Deferred; individual context/quality review required","Not established","Review required"
"icons/photography.png","Not observed in sampled initial DOM","image/png","60x60","773","Not observed","Not established","Not established","Not established","Static / uploader not established for this file","No matching local DB path found","None found by sibling/thumbnail convention","Not established for this file","No OG/twitter image reference found on sampled public pages","Potential alpha; do not discard without inspection","Not established","Deferred; individual context/quality review required","Not established","Review required"
"icons/scuba_diving.png","Not observed in sampled initial DOM","image/png","60x60","854","Not observed","Not established","Not established","Not established","Static / uploader not established for this file","No matching local DB path found","None found by sibling/thumbnail convention","Not established for this file","No OG/twitter image reference found on sampled public pages","Potential alpha; do not discard without inspection","Not established","Deferred; individual context/quality review required","Not established","Review required"
"icons/sight_seeing.png","Not observed in sampled initial DOM","image/png","48x48","510","Not observed","Not established","Not established","Not established","Static / uploader not established for this file","No matching local DB path found","None found by sibling/thumbnail convention","Not established for this file","No OG/twitter image reference found on sampled public pages","Potential alpha; do not discard without inspection","Not established","Deferred; individual context/quality review required","Not established","Review required"
"icons/sunset_watching.png","Not observed in sampled initial DOM","image/png","48x48","470","Not observed","Not established","Not established","Not established","Static / uploader not established for this file","No matching local DB path found","None found by sibling/thumbnail convention","Not established for this file","No OG/twitter image reference found on sampled public pages","Potential alpha; do not discard without inspection","Not established","Deferred; individual context/quality review required","Not established","Review required"
"icons/surfing.png","Not observed in sampled initial DOM","image/png","48x48","1161","Not observed","Not established","Not established","Not established","Static / uploader not established for this file","No matching local DB path found","None found by sibling/thumbnail convention","Not established for this file","No OG/twitter image reference found on sampled public pages","Potential alpha; do not discard without inspection","Not established","Deferred; individual context/quality review required","Not established","Review required"
"icons/swimming.png","Not observed in sampled initial DOM","image/png","60x60","712","Not observed","Not established","Not established","Not established","Static / uploader not established for this file","No matching local DB path found","None found by sibling/thumbnail convention","Not established for this file","No OG/twitter image reference found on sampled public pages","Potential alpha; do not discard without inspection","Not established","Deferred; individual context/quality review required","Not established","Review required"
"icons/yoga.png","Not observed in sampled initial DOM","image/png","50x50","801","Not observed","Not established","Not established","Not established","Static / uploader not established for this file","No matching local DB path found","None found by sibling/thumbnail convention","Not established for this file","No OG/twitter image reference found on sampled public pages","Potential alpha; do not discard without inspection","Not established","Deferred; individual context/quality review required","Not established","Review required"
